flight_id,flight_number,actual_flight_date,airline,status,delayed_flag,total_passengers,baggage_weight,bike_bags,revenue_from_baggage
AAAA01,BA1310,29/04/2023,BA,Scheduled,NULL,154,2772,28,"£16,867.00"
AAAA02,BA499,05/04/2023,BA,Cancelled,NULL,77,1386,560,"£40,262.00"
AAAA03,BA499,07/05/2023,BA,Scheduled,NULL,0,0,0,£0.00
AAAA04,BA504,20/05/2023,BA,Scheduled,NULL,99,1782,18,"£18,447.00"
AAAA05,BA505,05/04/2023,BA,Cancelled,NULL,326,5868,2360,"£163,403.00"
AAAA06,BA542,07/05/2023,BA,Scheduled,NULL,372,6696,67,"£48,765.00"
AAAA07,BA542,05/04/2023,BA,Scheduled,NULL,4,72,1,£450.00
AAAA08,BA543,05/04/2023,BA,Cancelled,NULL,163,2934,1160,"£78,708.00"
AAAA09,BA543,29/04/2023,BA,Scheduled,NULL,135,2430,24,"£15,158.00"
AAAA10,BA544,05/04/2023,BA,Scheduled,NULL,1,18,0,£100.00
AAAA100,BA2359,05/04/2023,BA,Cancelled,NULL,97,1746,680,"£43,700.00"
AAAA11,BA545,05/04/2023,BA,Cancelled,NULL,101,1818,720,"£46,006.00"
AAAA12,BA608,29/04/2023,BA,Scheduled,NULL,183,3294,33,"£19,856.00"
AAAA13,BA608,05/04/2023,BA,Scheduled,NULL,0,0,0,£0.00
AAAA14,BA631,05/04/2023,BA,Scheduled,NULL,0,0,0,£0.00
AAAA15,BA886,05/04/2023,BA,Cancelled,NULL,65,1170,480,"£33,644.00"
AAAA16,BA1444,05/04/2023,BA,Scheduled,NULL,0,0,0,£0.00
AAAA17,BA1444,05/04/2023,BA,Scheduled,NULL,170,3060,31,"£18,503.00"
AAAA18,BA1700,05/04/2023,BA,Cancelled,NULL,23,414,160,"£10,300.00"
AAAA19,BA1702,13/04/2023,BA,Scheduled,NULL,73,1314,13,"£7,950.00"
AAAA20,BA1705,05/04/2023,BA,Cancelled,NULL,69,1242,480,"£30,854.00"
AAAA21,BA1706,13/04/2023,BA,Scheduled,NULL,97,1746,17,"£10,550.00"
AAAA22,BA1707,05/04/2023,BA,Cancelled,NULL,85,1530,600,"£38,500.00"
AAAA23,BA1709,05/04/2023,BA,Scheduled,NULL,62,1116,11,"£6,750.00"
AAAA24,BA1712,05/04/2023,BA,Cancelled,NULL,84,1512,600,"£38,353.00"
AAAA25,BA1716,28/04/2023,BA,Scheduled,NULL,100,1800,18,"£10,900.00"
AAAA26,BA1722,05/04/2023,BA,Cancelled,NULL,90,1620,640,"£40,859.00"
AAAA27,BA1723,13/04/2023,BA,Scheduled,NULL,90,1620,16,"£9,800.00"
AAAA28,BA1729,05/04/2023,BA,Cancelled,NULL,46,828,320,"£20,600.00"
AAAA29,BA1730,28/04/2023,BA,Scheduled,NULL,35,630,6,"£3,800.00"
AAAA30,BA1738,05/04/2023,BA,Cancelled,NULL,130,2340,920,"£59,002.00"
AAAA31,BA1371,05/04/2023,BA,Scheduled,NULL,0,0,0,£0.00
AAAA32,BA1371,05/04/2023,BA,Scheduled,NULL,135,2430,24,"£14,465.00"
AAAA33,BA1374,07/05/2023,BA,Scheduled,NULL,135,2430,24,"£14,700.00"
AAAA34,BA1377,05/04/2023,BA,Cancelled,NULL,148,2664,1080,"£68,612.00"
AAAA35,BA1378,05/04/2023,BA,Scheduled,NULL,145,2610,26,"£15,962.00"
AAAA36,BA1379,05/04/2023,BA,Cancelled,NULL,135,2430,960,"£61,353.00"
AAAA37,BA1381,28/04/2023,BA,Scheduled,NULL,106,1908,19,"£11,456.00"
AAAA38,BA1382,05/04/2023,BA,Cancelled,NULL,107,1926,760,"£48,700.00"
AAAA39,BA1387,05/04/2023,BA,Cancelled,NULL,88,1584,640,"£40,706.00"
AAAA40,BA1388,05/04/2023,BA,Scheduled,NULL,95,1710,17,"£10,303.00"
AAAA41,BA1390,28/04/2023,BA,Scheduled,NULL,77,1386,14,"£8,400.00"
AAAA42,BA1394,05/04/2023,BA,Cancelled,NULL,68,1224,480,"£30,706.00"
AAAA43,BA1395,20/05/2023,BA,Scheduled,NULL,71,1278,13,"£7,750.00"
AAAA44,BA1397,20/05/2023,BA,Scheduled,NULL,90,1620,16,"£9,916.00"
AAAA45,BA1398,05/04/2023,BA,Cancelled,NULL,87,1566,640,"£40,512.00"
AAAA46,BA1399,05/04/2023,BA,Scheduled,NULL,89,1602,16,"£9,653.00"
AAAA47,BA1510,05/04/2023,BA,Scheduled,NULL,127,2286,23,"£13,803.00"
AAAA48,BA1516,05/04/2023,BA,Cancelled,NULL,96,1728,680,"£43,412.00"
AAAA49,BA1517,05/04/2023,BA,Scheduled,NULL,70,1260,13,"£7,650.00"
AAAA50,BA1526,05/04/2023,BA,Cancelled,NULL,97,1746,680,"£43,559.00"
AAAA51,BA1534,07/05/2023,BA,Scheduled,NULL,87,1566,16,"£9,453.00"
AAAA52,BA1538,05/04/2023,BA,Cancelled,NULL,98,1764,720,"£45,753.00"
AAAA53,BA1997,13/04/2023,BA,Scheduled,NULL,161,2898,29,"£17,268.00"
AAAA54,BA2000,05/04/2023,BA,Cancelled,NULL,159,2862,1160,"£73,759.00"
AAAA55,BA2001,05/04/2023,BA,Scheduled,NULL,162,2916,29,"£17,368.00"
AAAA56,BA2002,05/04/2023,BA,Cancelled,NULL,180,3240,1280,"£81,671.00"
AAAA57,BA2004,05/04/2023,BA,Scheduled,NULL,105,1890,19,"£11,215.00"
AAAA58,BA2005,05/04/2023,BA,Cancelled,NULL,71,1278,520,"£33,112.00"
AAAA59,BA2006,07/05/2023,BA,Scheduled,NULL,132,2376,24,"£14,353.00"
AAAA60,BA2007,05/04/2023,BA,Cancelled,NULL,174,3132,1240,"£79,313.00"
AAAA61,BA2008,13/04/2023,BA,Scheduled,NULL,152,2736,27,"£16,456.00"
AAAA62,BA891,05/04/2023,BA,Cancelled,NULL,188,3384,1360,"£87,013.00"
AAAA63,BA893,05/04/2023,BA,Scheduled,NULL,0,0,0,"£1,594.00"
AAAA64,BA894,05/04/2023,BA,Cancelled,NULL,277,4986,2000,"£129,263.00"
AAAA65,BA905,29/04/2023,BA,Scheduled,NULL,264,4752,48,"£29,995.00"
AAAA66,BA905,05/04/2023,BA,Cancelled,NULL,122,2196,880,"£61,623.00"
AAAA67,BA907,05/04/2023,BA,Scheduled,NULL,0,0,0,£464.00
AAAA68,BA922,05/04/2023,BA,Scheduled,NULL,0,0,0,£0.00
AAAA69,BA933,05/04/2023,BA,Scheduled,NULL,0,0,0,£0.00
AAAA70,BA935,05/04/2023,BA,Cancelled,NULL,373,6714,2680,"£175,471.00"
AAAA71,BA948,05/04/2023,BA,Scheduled,NULL,376,6768,68,"£45,455.00"
AAAA72,BA948,05/04/2023,BA,Cancelled,NULL,191,3438,1360,"£103,747.00"
AAAA73,BA949,05/04/2023,BA,Scheduled,NULL,0,0,0,£0.00
AAAA74,BA949,05/04/2023,BA,Scheduled,NULL,189,3402,34,"£31,288.00"
AAAA75,BA955,05/04/2023,BA,Scheduled,NULL,0,0,0,£0.00
AAAA76,BA631,05/04/2023,BA,Scheduled,NULL,0,0,0,£0.00
AAAA77,BA721,05/04/2023,BA,Scheduled,NULL,0,0,0,£0.00
AAAA78,BA1401,05/04/2023,BA,Cancelled,NULL,98,1764,720,"£57,092.00"
AAAA79,BA1401,05/04/2023,BA,Cancelled,NULL,54,972,400,"£25,400.00"
AAAA80,BA1739,05/04/2023,BA,Scheduled,NULL,27,486,5,"£2,950.00"
AAAA81,BA1739,13/04/2023,BA,Scheduled,NULL,116,2088,21,"£12,556.00"
AAAA82,BA1743,05/04/2023,BA,Cancelled,NULL,113,2034,800,"£51,112.00"
AAAA83,BA1744,07/05/2023,BA,Scheduled,NULL,54,972,10,"£5,900.00"
AAAA84,BA1748,05/04/2023,BA,Cancelled,NULL,94,1692,680,"£43,259.00"
AAAA85,BA1752,05/04/2023,BA,Cancelled,NULL,50,900,360,"£23,000.00"
AAAA86,BA1753,13/04/2023,BA,Scheduled,NULL,56,1008,10,"£6,053.00"
AAAA87,BA1762,05/04/2023,BA,Cancelled,NULL,62,1116,440,"£28,106.00"
AAAA88,BA1771,05/04/2023,BA,Cancelled,NULL,97,1746,680,"£43,606.00"
AAAA89,BA1774,05/04/2023,BA,Cancelled,NULL,93,1674,680,"£43,253.00"
AAAA90,BA1775,20/05/2023,BA,Scheduled,NULL,96,1728,17,"£10,450.00"
AAAA91,BA1787,05/04/2023,BA,Scheduled,NULL,36,648,6,"£3,900.00"
AAAA92,BA2338,05/04/2023,BA,Cancelled,NULL,138,2484,1000,"£63,659.00"
AAAA93,BA2341,05/04/2023,BA,Scheduled,NULL,48,864,9,"£5,203.00"
AAAA94,BA2342,05/04/2023,BA,Cancelled,NULL,74,1332,520,"£33,259.00"
AAAA95,BA2343,05/04/2023,BA,Scheduled,NULL,93,1674,17,"£10,056.00"
AAAA96,BA2349,05/04/2023,BA,Cancelled,NULL,81,1458,600,"£38,100.00"
AAAA97,BA2351,05/04/2023,BA,Scheduled,NULL,120,2160,22,"£12,966.00"
AAAA98,BA2354,05/04/2023,BA,Cancelled,NULL,99,1782,720,"£45,900.00"
AAAA99,BA2355,20/05/2023,BA,Scheduled,NULL,98,1764,18,"£10,559.00"
AAAA101,BA1748,01/05/2023,BA,Completed,NO,97,6768,720,"£11,456.00"
AAAA102,BA922,06/02/2023,BA,Scheduled,NULL,113,1566,1360,"£30,706.00"
AAAA103,BA948,20/03/2023,BA,Scheduled,NULL,77,0,720,£0.00
AAAA104,BA1775,05/02/2023,BA,Cancelled,NULL,69,3132,680,"£63,659.00"
AAAA105,BA1388,11/04/2023,BA,Cancelled,NULL,71,6768,920,"£59,002.00"
AAAA106,BA1382,10/02/2023,BA,Completed,NO,99,1332,67,"£61,353.00"
AAAA107,BA949,01/01/2023,BA,Scheduled,NULL,62,0,27,"£7,750.00"
AAAA108,BA1310,30/01/2023,BA,Completed,YES,98,2664,17,"£17,368.00"
AAAA109,BA1997,06/04/2023,BA,Scheduled,NULL,0,1764,24,"£10,450.00"
AAAA110,BA935,12/04/2023,BA,Cancelled,NULL,106,1764,24,"£20,600.00"
AAAA111,BA1787,01/01/2023,BA,Scheduled,NULL,116,2916,520,"£10,559.00"
AAAA112,BA1738,10/01/2023,BA,Scheduled,NULL,106,2286,0,"£13,803.00"
AAAA113,BA1739,07/05/2023,BA,Cancelled,NULL,174,972,19,"£40,262.00"
AAAA114,BA1997,25/02/2023,BA,Cancelled,NULL,71,0,1080,"£68,612.00"
AAAA115,BA2338,12/04/2023,BA,Scheduled,NULL,71,1332,26,"£17,268.00"
AAAA116,BA935,18/04/2023,BA,Scheduled,NULL,62,0,480,"£10,303.00"
AAAA117,BA1381,09/05/2023,BA,Completed,NO,77,2736,18,£0.00
AAAA118,BA499,02/05/2023,BA,Scheduled,NULL,154,2286,31,"£45,900.00"
AAAA119,BA948,23/02/2023,BA,Completed,NO,183,1170,24,"£68,612.00"
AAAA120,BA907,08/04/2023,BA,Completed,NO,0,1620,800,"£9,653.00"
AAAA121,BA1729,07/04/2023,BA,Cancelled,NULL,189,972,720,"£10,303.00"
AAAA122,BA949,14/05/2023,BA,Cancelled,NULL,46,2664,1,"£16,867.00"
AAAA123,BA905,28/02/2023,BA,Cancelled,NULL,71,2430,34,"£11,215.00"
AAAA124,BA1753,22/04/2023,BA,Cancelled,NULL,74,6714,22,"£81,671.00"
AAAA125,BA1398,20/02/2023,BA,Cancelled,NULL,62,972,18,"£61,623.00"
AAAA126,BA2342,22/03/2023,BA,Scheduled,NULL,0,1332,16,"£15,158.00"
AAAA127,BA1748,03/04/2023,BA,Cancelled,NULL,74,1332,760,"£10,450.00"
AAAA128,BA1374,29/05/2023,BA,Completed,NO,65,0,480,"£7,950.00"
AAAA129,BA499,09/04/2023,BA,Cancelled,NULL,69,3294,24,"£5,900.00"
AAAA130,BA2341,18/03/2023,BA,Completed,YES,373,2484,31,"£3,800.00"
AAAA131,BA893,09/01/2023,BA,Cancelled,NULL,89,972,16,"£43,606.00"
AAAA132,BA2342,18/03/2023,BA,Completed,NO,152,0,0,"£13,803.00"
AAAA133,BA1387,12/05/2023,BA,Cancelled,NULL,373,1764,1240,"£43,259.00"
AAAA134,BA1444,09/01/2023,BA,Completed,NO,89,0,0,"£163,403.00"
AAAA135,BA894,01/03/2023,BA,Completed,NO,98,630,29,"£61,623.00"
AAAA136,BA2000,06/03/2023,BA,Scheduled,NULL,373,1278,2680,"£46,006.00"
AAAA137,BA893,10/05/2023,BA,Scheduled,NULL,161,0,2360,"£6,053.00"
AAAA138,BA1787,06/06/2023,BA,Cancelled,NULL,0,2610,800,£0.00
AAAA139,BA1394,14/06/2023,BA,Cancelled,NULL,87,1458,9,"£10,450.00"
AAAA140,BA1382,30/04/2023,BA,Completed,YES,159,4986,600,"£129,263.00"
AAAA141,BA1753,20/04/2023,BA,Scheduled,NULL,1,2736,17,"£16,456.00"
AAAA142,BA2006,08/02/2023,BA,Completed,NO,135,2916,720,"£12,556.00"
AAAA143,BA1730,01/05/2023,BA,Cancelled,NULL,148,3294,720,"£48,700.00"
AAAA144,BA2007,16/05/2023,BA,Cancelled,NULL,135,1008,1280,"£61,623.00"
AAAA145,BA2006,09/04/2023,BA,Cancelled,NULL,130,1566,680,"£163,403.00"
AAAA146,BA1771,16/05/2023,BA,Cancelled,NULL,107,0,800,"£43,412.00"
AAAA147,BA2002,20/03/2023,BA,Cancelled,NULL,69,1224,560,"£43,412.00"
AAAA148,BA1534,23/04/2023,BA,Scheduled,NULL,113,1728,600,"£40,859.00"
AAAA149,BA1702,24/05/2023,BA,Cancelled,NULL,0,1512,600,"£6,750.00"
AAAA150,BA1702,04/05/2023,BA,Cancelled,NULL,0,1746,520,"£5,203.00"
AAAA151,BA2354,21/03/2023,BA,Cancelled,NULL,116,0,0,"£10,559.00"
AAAA152,BA504,05/05/2023,BA,Completed,NO,264,1386,2000,"£45,753.00"
AAAA153,BA1397,06/02/2023,BA,Scheduled,NULL,65,630,17,"£31,288.00"
AAAA154,BA1378,13/05/2023,BA,Completed,NO,0,6696,680,"£14,353.00"
AAAA155,BA955,01/06/2023,BA,Cancelled,NULL,135,1458,0,"£28,106.00"
AAAA156,BA1787,12/02/2023,BA,Completed,NO,27,3294,360,"£15,158.00"
AAAA157,BA1997,25/03/2023,BA,Cancelled,NULL,68,1620,17,"£43,259.00"
AAAA158,BA1997,04/03/2023,BA,Cancelled,NULL,77,1728,17,"£15,962.00"
AAAA159,BA505,07/02/2023,BA,Cancelled,NULL,188,0,24,"£11,215.00"
AAAA160,BA1516,27/03/2023,BA,Scheduled,NULL,105,1908,0,"£46,006.00"
AAAA161,BA1526,17/03/2023,BA,Completed,YES,0,1746,1360,"£10,303.00"
AAAA162,BA2338,25/01/2023,BA,Completed,NO,372,0,33,"£12,556.00"
AAAA163,BA1397,21/03/2023,BA,Completed,NO,93,3384,1,"£43,253.00"
AAAA164,BA2349,04/04/2023,BA,Cancelled,NULL,106,1926,600,"£45,753.00"
AAAA165,BA2338,25/05/2023,BA,Completed,NO,100,1170,2680,"£9,653.00"
AAAA166,BA1382,31/01/2023,BA,Cancelled,NULL,50,3438,720,"£43,559.00"
AAAA167,BA545,06/06/2023,BA,Completed,YES,73,1278,18,"£87,013.00"
AAAA168,BA1729,11/05/2023,BA,Completed,YES,87,2430,0,"£14,465.00"
AAAA169,BA1762,22/05/2023,BA,Cancelled,NULL,93,1566,800,"£163,403.00"
AAAA170,BA933,25/03/2023,BA,Scheduled,NULL,0,2664,6,"£30,706.00"
AAAA171,BA499,10/03/2023,BA,Cancelled,NULL,70,0,440,"£78,708.00"
AAAA172,BA1706,05/01/2023,BA,Scheduled,NULL,191,1620,960,"£48,765.00"
AAAA173,BA2004,26/04/2023,BA,Cancelled,NULL,96,0,13,"£63,659.00"
AAAA174,BA631,01/02/2023,BA,Scheduled,NULL,99,3240,13,"£38,500.00"
AAAA175,BA1516,17/03/2023,BA,Cancelled,NULL,77,1764,29,"£16,456.00"
AAAA176,BA1398,15/03/2023,BA,Completed,NO,135,3132,680,"£45,455.00"
AAAA177,BA1753,12/01/2023,BA,Completed,NO,0,1224,23,"£23,000.00"
AAAA178,BA1787,23/05/2023,BA,Scheduled,NULL,85,1728,360,"£175,471.00"
AAAA179,BA545,07/04/2023,BA,Completed,NO,372,2772,68,£0.00
AAAA180,BA922,20/05/2023,BA,Completed,NO,35,1692,2680,"£8,400.00"
AAAA181,BA545,12/04/2023,BA,Cancelled,NULL,62,3384,800,"£103,747.00"
AAAA182,BA1738,08/02/2023,BA,Completed,NO,189,1710,480,"£129,263.00"
AAAA183,BA721,21/03/2023,BA,Scheduled,NULL,148,1782,18,"£175,471.00"
AAAA184,BA2001,23/02/2023,BA,Completed,NO,163,4752,6,"£43,259.00"
AAAA185,BA1388,02/04/2023,BA,Completed,NO,0,0,14,£0.00
AAAA186,BA935,25/02/2023,BA,Cancelled,NULL,161,2898,720,"£51,112.00"
AAAA187,BA949,14/06/2023,BA,Completed,NO,48,3402,1160,"£30,706.00"
AAAA188,BA2000,04/04/2023,BA,Scheduled,NULL,135,0,360,"£30,854.00"
AAAA189,BA1390,01/02/2023,BA,Scheduled,NULL,93,1620,33,£100.00
AAAA190,BA2000,12/06/2023,BA,Scheduled,NULL,71,6714,0,"£7,950.00"
AAAA191,BA1997,11/01/2023,BA,Scheduled,NULL,98,1746,26,"£38,353.00"
AAAA192,BA1444,15/06/2023,BA,Cancelled,NULL,98,2772,34,"£8,400.00"
AAAA193,BA1534,15/06/2023,BA,Completed,NO,0,6714,720,"£12,966.00"
AAAA194,BA1390,31/05/2023,BA,Cancelled,NULL,97,3240,31,"£43,559.00"
AAAA195,BA905,23/01/2023,BA,Cancelled,NULL,90,2772,11,"£175,471.00"
AAAA196,BA922,15/01/2023,BA,Completed,NO,50,0,1160,"£51,112.00"
AAAA197,BA1377,11/06/2023,BA,Scheduled,NULL,97,1170,1000,"£38,100.00"
AAAA198,BA1771,06/02/2023,BA,Completed,NO,189,1116,1280,£0.00
AAAA199,BA1387,16/03/2023,BA,Cancelled,NULL,27,2088,29,"£81,671.00"
AAAA200,BA1381,23/04/2023,BA,Completed,NO,97,1260,23,"£10,900.00"
AAAA201,BA721,06/02/2023,BA,Cancelled,NULL,138,2430,0,"£59,002.00"
AAAA202,BA1709,14/03/2023,BA,Scheduled,NULL,113,1764,680,"£38,353.00"
AAAA203,BA886,29/03/2023,BA,Completed,NO,183,1746,400,"£10,450.00"
AAAA204,BA2002,06/02/2023,BA,Completed,NO,0,972,16,"£3,900.00"
AAAA205,BA499,07/03/2023,BA,Completed,NO,87,18,520,"£43,559.00"
AAAA206,BA505,09/06/2023,BA,Completed,NO,0,1746,680,"£87,013.00"
AAAA207,BA2341,20/05/2023,BA,Completed,NO,264,2430,19,"£33,259.00"
AAAA208,BA1397,05/06/2023,BA,Completed,NO,0,2430,0,"£17,268.00"
AAAA209,BA504,26/02/2023,BA,Completed,YES,87,0,0,"£45,753.00"
AAAA210,BA2355,14/03/2023,BA,Cancelled,NULL,0,2196,160,"£29,995.00"
AAAA211,BA1388,11/05/2023,BA,Completed,NO,0,6714,19,"£38,100.00"
AAAA212,BA2355,10/04/2023,BA,Cancelled,NULL,77,3240,320,"£29,995.00"
AAAA213,BA1382,05/04/2023,BA,Completed,NO,70,972,22,"£11,456.00"
AAAA214,BA1387,31/05/2023,BA,Scheduled,NULL,73,1764,6,"£1,594.00"
AAAA215,BA893,31/03/2023,BA,Scheduled,NULL,277,72,1080,"£43,253.00"
AAAA216,BA1774,18/05/2023,BA,Completed,NO,100,630,9,£464.00
AAAA217,BA1390,26/03/2023,BA,Completed,NO,0,2430,28,"£7,650.00"
AAAA218,BA1997,04/04/2023,BA,Cancelled,NULL,0,1764,17,"£59,002.00"
AAAA219,BA2002,11/01/2023,BA,Completed,NO,4,4752,13,"£10,550.00"
AAAA220,BA1744,21/05/2023,BA,Scheduled,NULL,0,1602,640,"£61,623.00"
AAAA221,BA1743,10/02/2023,BA,Cancelled,NULL,0,0,16,"£40,262.00"
AAAA222,BA1753,06/03/2023,BA,Scheduled,NULL,376,2430,21,"£33,259.00"
AAAA223,BA2342,06/03/2023,BA,Scheduled,NULL,56,1332,640,"£10,300.00"
AAAA224,BA893,29/03/2023,BA,Scheduled,NULL,154,1764,960,"£129,263.00"
AAAA225,BA1390,18/03/2023,BA,Completed,NO,96,1224,1360,"£45,455.00"
AAAA226,BA544,05/05/2023,BA,Completed,NO,0,1710,16,"£10,550.00"
AAAA227,BA1398,10/05/2023,BA,Completed,NO,0,3438,680,"£40,859.00"
AAAA228,BA2349,11/06/2023,BA,Cancelled,NULL,191,1764,760,"£11,456.00"
AAAA229,BA2342,14/03/2023,BA,Scheduled,NULL,180,2862,1,"£73,759.00"
AAAA230,BA1729,18/05/2023,BA,Cancelled,NULL,0,1926,0,"£45,455.00"
AAAA231,BA2338,07/04/2023,BA,Cancelled,NULL,154,6714,520,£0.00
AAAA232,BA1398,19/04/2023,BA,Scheduled,NULL,62,2772,720,"£3,900.00"
AAAA233,BA1709,27/04/2023,BA,Completed,NO,0,1386,24,£0.00
AAAA234,BA1390,04/03/2023,BA,Completed,YES,94,1242,13,"£129,263.00"
AAAA235,BA1729,17/05/2023,BA,Cancelled,NULL,372,1692,10,"£45,900.00"
AAAA236,BA1395,02/04/2023,BA,Scheduled,NULL,94,2664,1240,"£16,867.00"
AAAA237,BA1517,06/04/2023,BA,Completed,NO,96,1224,16,"£16,867.00"
AAAA238,BA505,13/02/2023,BA,Completed,NO,46,3132,22,"£43,606.00"
AAAA239,BA886,28/01/2023,BA,Cancelled,NULL,145,1746,14,"£59,002.00"
AAAA240,BA949,28/05/2023,BA,Completed,NO,0,2430,1360,"£19,856.00"
AAAA241,BA907,18/01/2023,BA,Completed,NO,0,1512,920,"£1,594.00"
AAAA242,BA891,07/01/2023,BA,Cancelled,NULL,0,1818,28,"£33,644.00"
AAAA243,BA1762,12/05/2023,BA,Scheduled,NULL,96,2772,28,"£40,706.00"
AAAA244,BA504,26/01/2023,BA,Completed,NO,188,72,0,"£11,215.00"
AAAA245,BA933,27/01/2023,BA,Cancelled,NULL,99,1260,0,"£15,158.00"
AAAA246,BA1729,03/04/2023,BA,Cancelled,NULL,94,1260,16,"£68,612.00"
AAAA247,BA933,30/05/2023,BA,Scheduled,NULL,0,0,18,"£163,403.00"
AAAA248,BA2005,31/03/2023,BA,Scheduled,NULL,101,972,680,£100.00
AAAA249,BA2007,02/02/2023,BA,Completed,NO,99,1530,480,"£14,465.00"
AAAA250,BA893,01/05/2023,BA,Cancelled,NULL,135,2088,720,"£51,112.00"
AAAA251,BA948,01/06/2023,BA,Cancelled,NULL,99,5868,17,"£6,053.00"
AAAA252,BA893,10/01/2023,BA,Scheduled,NULL,161,1260,68,£0.00
AAAA253,BA1762,04/02/2023,BA,Cancelled,NULL,135,0,14,"£175,471.00"
AAAA254,BA1997,13/02/2023,BA,Cancelled,NULL,277,1728,640,"£43,259.00"
AAAA255,BA1374,14/02/2023,BA,Cancelled,NULL,62,2430,13,"£30,706.00"
AAAA256,BA2004,15/01/2023,BA,Cancelled,NULL,99,1674,24,"£163,403.00"
AAAA257,BA1390,11/03/2023,BA,Scheduled,NULL,100,1746,1280,"£38,500.00"
AAAA258,BA1706,10/03/2023,BA,Cancelled,NULL,62,1512,640,"£15,158.00"
AAAA259,BA1702,18/04/2023,BA,Scheduled,NULL,326,0,17,"£16,867.00"
AAAA260,BA922,09/02/2023,BA,Completed,NO,0,4752,0,"£2,950.00"
AAAA261,BA1722,11/01/2023,BA,Cancelled,NULL,145,1746,13,"£43,259.00"
AAAA262,BA1534,03/03/2023,BA,Completed,YES,98,3132,17,"£40,512.00"
AAAA263,BA1388,02/05/2023,BA,Cancelled,NULL,162,1566,680,"£40,262.00"
AAAA264,BA949,06/01/2023,BA,Cancelled,NULL,74,2610,520,"£43,259.00"
AAAA265,BA1394,24/01/2023,BA,Cancelled,NULL,54,6714,13,"£51,112.00"
AAAA266,BA1729,28/03/2023,BA,Cancelled,NULL,159,1926,640,"£23,000.00"
AAAA267,BA1707,06/02/2023,BA,Completed,NO,94,1764,24,"£19,856.00"
AAAA268,BA1378,23/01/2023,BA,Cancelled,NULL,0,1782,48,"£7,750.00"
AAAA269,BA499,21/02/2023,BA,Scheduled,NULL,0,1800,13,"£87,013.00"
AAAA270,BA1771,16/02/2023,BA,Scheduled,NULL,0,6768,400,"£10,559.00"
AAAA271,BA1997,14/04/2023,BA,Cancelled,NULL,62,1530,29,"£48,765.00"
AAAA272,BA1388,13/03/2023,BA,Scheduled,NULL,77,0,22,"£2,950.00"
AAAA273,BA499,17/02/2023,BA,Completed,NO,120,2034,600,"£14,353.00"
AAAA274,BA1723,23/04/2023,BA,Cancelled,NULL,84,2430,17,"£87,013.00"
AAAA275,BA1774,24/03/2023,BA,Scheduled,NULL,93,6714,0,£0.00
AAAA276,BA2008,24/04/2023,BA,Cancelled,NULL,4,1602,960,"£15,962.00"
AAAA277,BA2359,26/05/2023,BA,Scheduled,NULL,4,2376,17,"£17,368.00"
AAAA278,BA948,18/05/2023,BA,Completed,NO,0,1458,640,"£33,112.00"
AAAA279,BA948,06/02/2023,BA,Cancelled,NULL,62,1746,2360,"£45,900.00"
AAAA280,BA1390,09/06/2023,BA,Completed,NO,161,5868,28,"£7,750.00"
AAAA281,BA1707,22/04/2023,BA,Completed,NO,159,3132,1160,"£129,263.00"
AAAA282,BA2349,15/04/2023,BA,Scheduled,NULL,100,0,24,"£31,288.00"
AAAA283,BA1374,15/06/2023,BA,Completed,NO,81,1674,16,"£20,600.00"
AAAA284,BA1382,21/04/2023,BA,Scheduled,NULL,87,2034,680,"£2,950.00"
AAAA285,BA631,29/03/2023,BA,Cancelled,NULL,96,864,16,"£8,400.00"
AAAA286,BA2341,26/01/2023,BA,Cancelled,NULL,188,1458,26,"£17,268.00"
AAAA287,BA545,01/06/2023,BA,Completed,NO,48,1566,0,£0.00
AAAA288,BA922,26/03/2023,BA,Cancelled,NULL,99,2862,720,"£33,259.00"
AAAA289,BA1401,12/04/2023,BA,Cancelled,NULL,127,1800,680,"£28,106.00"
AAAA290,BA1382,18/03/2023,BA,Scheduled,NULL,372,3294,29,"£10,550.00"
AAAA291,BA1722,05/06/2023,BA,Cancelled,NULL,98,972,29,£0.00
AAAA292,BA1753,26/02/2023,BA,Completed,NO,4,1260,1,"£15,962.00"
AAAA293,BA2004,10/03/2023,BA,Cancelled,NULL,88,2610,600,£0.00
AAAA294,BA933,08/05/2023,BA,Scheduled,NULL,36,2484,11,"£10,450.00"
AAAA295,BA1390,19/03/2023,BA,Scheduled,NULL,127,1764,1,"£43,700.00"
AAAA296,BA1398,22/03/2023,BA,Cancelled,NULL,127,0,26,"£17,268.00"
AAAA297,BA1390,18/02/2023,BA,Cancelled,NULL,46,2430,29,"£10,303.00"
AAAA298,BA1730,15/02/2023,BA,Completed,YES,0,1314,33,"£11,215.00"
AAAA299,BA1381,14/04/2023,BA,Scheduled,NULL,90,1566,16,£100.00
AAAA300,BA1390,15/05/2023,BA,Cancelled,NULL,97,3402,680,"£45,455.00"
AAAA301,BA543,23/02/2023,BA,Completed,NO,326,1566,720,"£28,106.00"
AAAA302,BA1510,12/01/2023,BA,Scheduled,NULL,277,6768,440,£464.00
AAAA303,BA1762,24/05/2023,BA,Completed,NO,135,6714,18,"£78,708.00"
AAAA304,BA1390,14/03/2023,BA,Cancelled,NULL,77,1908,0,"£12,556.00"
AAAA305,BA1387,06/06/2023,BA,Cancelled,NULL,135,1278,48,"£10,550.00"
AAAA306,BA1705,12/01/2023,BA,Cancelled,NULL,98,6768,0,"£103,747.00"
AAAA307,BA2341,04/04/2023,BA,Scheduled,NULL,74,1332,34,"£40,512.00"
AAAA308,BA543,17/05/2023,BA,Cancelled,NULL,84,2664,0,"£51,112.00"
AAAA309,BA2343,06/05/2023,BA,Completed,NO,264,1278,13,"£81,671.00"
AAAA310,BA1382,03/02/2023,BA,Scheduled,NULL,148,2772,880,"£40,859.00"
AAAA311,BA1517,27/01/2023,BA,Cancelled,NULL,0,1386,0,"£73,759.00"
AAAA312,BA1510,19/04/2023,BA,Completed,NO,277,1116,0,"£12,556.00"
AAAA313,BA948,30/05/2023,BA,Scheduled,NULL,93,3294,600,"£19,856.00"
AAAA314,BA955,24/03/2023,BA,Scheduled,NULL,1,1620,14,£0.00
AAAA315,BA891,17/01/2023,BA,Scheduled,NULL,85,2034,24,"£79,313.00"
AAAA316,BA2008,28/04/2023,BA,Scheduled,NULL,27,1314,16,"£18,447.00"
AAAA317,BA1310,18/01/2023,BA,Scheduled,NULL,163,0,10,"£30,706.00"
AAAA318,BA608,10/01/2023,BA,Completed,NO,77,1332,2680,"£2,950.00"
AAAA319,BA1378,28/02/2023,BA,Cancelled,NULL,183,3402,14,"£17,368.00"
AAAA320,BA1382,17/05/2023,BA,Completed,NO,1,1764,22,"£10,303.00"
AAAA321,BA891,13/06/2023,BA,Completed,NO,0,1116,760,"£11,215.00"
AAAA322,BA2341,18/04/2023,BA,Completed,YES,264,0,5,"£14,700.00"
AAAA323,BA2354,21/03/2023,BA,Cancelled,NULL,373,828,18,"£33,112.00"
AAAA324,BA2001,08/05/2023,BA,Scheduled,NULL,174,1008,0,"£18,447.00"
AAAA325,BA907,11/03/2023,BA,Cancelled,NULL,138,0,29,"£33,259.00"
AAAA326,BA2007,16/04/2023,BA,Cancelled,NULL,135,3132,680,"£33,112.00"
AAAA327,BA948,12/02/2023,BA,Scheduled,NULL,95,1260,1160,"£17,368.00"
AAAA328,BA1723,04/06/2023,BA,Scheduled,NULL,191,0,17,"£10,300.00"
AAAA329,BA2355,31/05/2023,BA,Cancelled,NULL,99,2898,26,"£12,966.00"
AAAA330,BA1738,25/01/2023,BA,Cancelled,NULL,135,1566,0,"£57,092.00"
AAAA331,BA1390,21/04/2023,BA,Cancelled,NULL,326,1584,1160,"£1,594.00"
AAAA332,BA543,02/03/2023,BA,Scheduled,NULL,56,1746,920,"£5,203.00"
AAAA333,BA1387,13/04/2023,BA,Scheduled,NULL,97,1908,640,"£87,013.00"
AAAA334,BA1712,12/02/2023,BA,Scheduled,NULL,74,0,600,£0.00
AAAA335,BA1398,11/05/2023,BA,Scheduled,NULL,70,2610,520,"£40,262.00"
AAAA336,BA1390,11/06/2023,BA,Cancelled,NULL,35,1458,0,£0.00
AAAA337,BA955,23/03/2023,BA,Completed,NO,0,1566,960,"£7,650.00"
AAAA338,BA499,23/01/2023,BA,Cancelled,NULL,98,6768,0,"£3,800.00"
AAAA339,BA1382,08/02/2023,BA,Scheduled,NULL,0,1890,640,"£40,859.00"
AAAA340,BA1398,07/03/2023,BA,Cancelled,NULL,154,2088,440,"£57,092.00"
AAAA341,BA1729,13/01/2023,BA,Completed,NO,161,6768,0,"£79,313.00"
AAAA342,BA2004,15/02/2023,BA,Scheduled,NULL,95,1566,24,"£20,600.00"
AAAA343,BA955,08/02/2023,BA,Completed,NO,94,5868,1080,"£40,706.00"
AAAA344,BA631,01/02/2023,BA,Scheduled,NULL,62,2862,160,"£12,966.00"
AAAA345,BA1787,04/01/2023,BA,Scheduled,NULL,56,1620,1240,"£10,303.00"
AAAA346,BA1371,03/06/2023,BA,Cancelled,NULL,94,1818,29,"£33,259.00"
AAAA347,BA2004,02/02/2023,BA,Completed,NO,0,2430,2000,"£38,353.00"
AAAA348,BA2359,10/01/2023,BA,Completed,NO,159,3060,2000,"£30,854.00"
AAAA349,BA1390,08/01/2023,BA,Cancelled,NULL,161,2160,680,"£10,900.00"
AAAA350,BA893,07/02/2023,BA,Scheduled,NULL,116,2160,0,"£129,263.00"
AAAA351,BA1729,01/03/2023,BA,Completed,NO,96,1278,680,"£10,450.00"
AAAA352,BA1398,16/05/2023,BA,Completed,YES,376,0,600,"£19,856.00"
AAAA353,BA1787,04/01/2023,BA,Cancelled,NULL,98,2160,0,£464.00
AAAA354,BA1390,22/03/2023,BA,Scheduled,NULL,68,1620,0,"£5,203.00"
AAAA355,BA505,25/04/2023,BA,Cancelled,NULL,94,0,0,£0.00
AAAA356,BA1762,05/06/2023,BA,Scheduled,NULL,159,0,680,"£48,765.00"
AAAA357,BA2359,05/02/2023,BA,Scheduled,NULL,113,1746,2000,"£40,512.00"
AAAA358,BA955,20/04/2023,BA,Completed,NO,84,2484,0,£100.00
AAAA359,BA1739,13/03/2023,BA,Scheduled,NULL,0,72,480,"£79,313.00"
AAAA360,BA1723,23/04/2023,BA,Cancelled,NULL,162,1746,18,"£87,013.00"
AAAA361,BA1707,23/01/2023,BA,Completed,NO,48,1674,11,"£18,503.00"
AAAA362,BA2343,04/06/2023,BA,Completed,NO,96,2916,68,"£43,259.00"
AAAA363,BA905,28/04/2023,BA,Scheduled,NULL,277,1746,17,"£45,455.00"
AAAA364,BA2006,01/06/2023,BA,Scheduled,NULL,0,6714,360,£0.00
AAAA365,BA1738,09/03/2023,BA,Completed,NO,188,1332,17,"£11,456.00"
AAAA366,BA1709,15/06/2023,BA,Scheduled,NULL,170,6714,1080,"£163,403.00"
AAAA367,BA2338,05/04/2023,BA,Completed,NO,98,2934,6,"£28,106.00"
AAAA368,BA1516,05/01/2023,BA,Completed,NO,191,1620,360,"£45,900.00"
AAAA369,BA894,17/01/2023,BA,Scheduled,NULL,0,1782,440,£464.00
AAAA370,BA1748,27/04/2023,BA,Cancelled,NULL,100,0,720,"£45,753.00"
AAAA371,BA1753,06/03/2023,BA,Scheduled,NULL,81,6768,1000,"£48,765.00"
AAAA372,BA933,11/03/2023,BA,Completed,YES,90,972,18,"£45,753.00"
AAAA373,BA499,26/02/2023,BA,Cancelled,NULL,264,2196,2360,£0.00
AAAA374,BA1752,06/02/2023,BA,Cancelled,NULL,127,1710,0,"£2,950.00"
AAAA375,BA1775,02/06/2023,BA,Scheduled,NULL,183,3438,640,£0.00
AAAA376,BA891,18/03/2023,BA,Cancelled,NULL,127,1116,1160,"£40,706.00"
AAAA377,BA2001,21/05/2023,BA,Completed,NO,135,1278,160,"£57,092.00"
AAAA378,BA1722,10/02/2023,BA,Cancelled,NULL,0,3240,0,"£12,556.00"
AAAA379,BA1538,11/04/2023,BA,Cancelled,NULL,0,2916,960,"£48,700.00"
AAAA380,BA2005,02/01/2023,BA,Scheduled,NULL,180,2898,24,"£81,671.00"
AAAA381,BA545,27/04/2023,BA,Cancelled,NULL,183,1746,22,"£40,262.00"
AAAA382,BA1716,10/02/2023,BA,Completed,NO,70,972,1360,"£40,512.00"
AAAA383,BA1394,10/04/2023,BA,Completed,NO,135,0,29,"£73,759.00"
AAAA384,BA1371,30/05/2023,BA,Completed,NO,148,1566,2360,"£33,112.00"
AAAA385,BA2341,11/02/2023,BA,Completed,NO,4,1674,0,"£10,300.00"
AAAA386,BA504,20/01/2023,BA,Cancelled,NULL,105,0,1160,"£43,412.00"
AAAA387,BA1388,08/05/2023,BA,Completed,NO,0,2430,1360,"£40,512.00"
AAAA388,BA2342,15/02/2023,BA,Completed,YES,50,3060,0,"£43,559.00"
AAAA389,BA1516,03/02/2023,BA,Scheduled,NULL,84,0,0,"£25,400.00"
AAAA390,BA886,04/02/2023,BA,Cancelled,NULL,65,1800,560,"£43,412.00"
AAAA391,BA608,17/03/2023,BA,Cancelled,NULL,0,0,17,"£23,000.00"
AAAA392,BA1700,19/05/2023,BA,Completed,NO,0,4986,160,"£17,368.00"
AAAA393,BA2000,20/01/2023,BA,Scheduled,NULL,135,6768,23,"£43,253.00"
AAAA394,BA504,15/01/2023,BA,Cancelled,NULL,122,1566,29,"£10,450.00"
AAAA395,BA949,18/01/2023,BA,Scheduled,NULL,97,2088,680,"£43,700.00"
AAAA396,BA2008,13/04/2023,BA,Cancelled,NULL,101,4986,0,"£43,606.00"
AAAA397,BA2001,14/02/2023,BA,Completed,NO,68,1728,720,£0.00
AAAA398,BA2007,23/01/2023,BA,Completed,NO,106,2430,6,£0.00
AAAA399,BA545,11/06/2023,BA,Cancelled,NULL,189,1566,24,"£25,400.00"
AAAA400,BA1744,13/03/2023,BA,Completed,NO,95,1620,160,"£38,500.00"
AAAA401,BA1716,05/03/2023,BA,Cancelled,NULL,152,3384,29,"£79,313.00"
AAAA402,BA2002,23/03/2023,BA,Scheduled,NULL,96,1746,0,"£68,612.00"
AAAA403,BA1723,30/05/2023,BA,Scheduled,NULL,0,2376,28,"£10,450.00"
AAAA404,BA543,23/02/2023,BA,Completed,NO,97,0,680,£464.00
AAAA405,BA1371,19/03/2023,BA,Cancelled,NULL,113,2430,320,"£175,471.00"
AAAA406,BA1700,06/04/2023,BA,Scheduled,NULL,65,1692,0,"£16,456.00"
AAAA407,BA1723,01/01/2023,BA,Completed,NO,189,1764,23,"£31,288.00"
AAAA408,BA1774,01/02/2023,BA,Scheduled,NULL,93,1386,440,"£16,456.00"
AAAA409,BA545,06/04/2023,BA,Cancelled,NULL,145,0,68,"£48,765.00"
AAAA410,BA1739,11/06/2023,BA,Scheduled,NULL,0,1584,17,"£10,559.00"
AAAA411,BA1516,01/03/2023,BA,Completed,NO,89,2430,600,"£17,268.00"
AAAA412,BA1388,08/01/2023,BA,Completed,YES,94,1116,17,"£175,471.00"
AAAA413,BA1744,07/06/2023,BA,Cancelled,NULL,183,72,640,£100.00
AAAA414,BA2351,24/02/2023,BA,Scheduled,NULL,170,828,24,"£14,353.00"
AAAA415,BA1997,10/01/2023,BA,Cancelled,NULL,98,4752,1080,"£30,854.00"
AAAA416,BA1390,23/01/2023,BA,Completed,NO,152,2430,18,"£40,512.00"
AAAA417,BA2349,17/01/2023,BA,Cancelled,NULL,0,1728,16,"£33,644.00"
AAAA418,BA1399,06/03/2023,BA,Cancelled,NULL,130,1620,680,"£48,765.00"
AAAA419,BA505,23/01/2023,BA,Cancelled,NULL,27,1674,480,"£45,753.00"
AAAA420,BA721,07/04/2023,BA,Scheduled,NULL,93,1386,24,"£3,800.00"
AAAA421,BA1775,13/03/2023,BA,Cancelled,NULL,71,2160,18,"£19,856.00"
AAAA422,BA721,08/02/2023,BA,Completed,NO,27,1926,19,£0.00
AAAA423,BA1774,27/02/2023,BA,Cancelled,NULL,99,0,48,"£103,747.00"
AAAA424,BA1310,31/05/2023,BA,Cancelled,NULL,0,1620,0,"£40,262.00"
AAAA425,BA1516,27/05/2023,BA,Cancelled,NULL,138,0,5,"£61,353.00"
AAAA426,BA1374,11/03/2023,BA,Scheduled,NULL,94,1908,680,"£9,916.00"
AAAA427,BA1712,01/05/2023,BA,Cancelled,NULL,107,864,13,"£48,765.00"
AAAA428,BA1700,03/04/2023,BA,Scheduled,NULL,99,1800,1080,"£45,753.00"
AAAA429,BA2355,23/03/2023,BA,Completed,NO,27,2610,13,"£7,750.00"
AAAA430,BA1379,19/04/2023,BA,Completed,NO,0,0,13,"£57,092.00"
AAAA431,BA2354,25/05/2023,BA,Scheduled,NULL,159,1764,0,£100.00
AAAA432,BA504,14/01/2023,BA,Scheduled,NULL,189,3060,31,"£45,455.00"
AAAA433,BA2338,26/02/2023,BA,Scheduled,NULL,105,2898,1160,"£10,900.00"
AAAA434,BA893,22/02/2023,BA,Cancelled,NULL,0,648,0,"£43,700.00"
AAAA435,BA1774,30/01/2023,BA,Scheduled,NULL,99,4752,29,"£23,000.00"
AAAA436,BA1398,14/03/2023,BA,Cancelled,NULL,106,0,1080,"£38,500.00"
AAAA437,BA1394,12/02/2023,BA,Completed,NO,191,1782,13,£0.00
AAAA438,BA1398,08/02/2023,BA,Cancelled,NULL,74,4986,17,"£43,253.00"
AAAA439,BA504,02/02/2023,BA,Scheduled,NULL,77,0,18,"£163,403.00"
AAAA440,BA905,20/04/2023,BA,Cancelled,NULL,105,2484,1360,"£5,900.00"
AAAA441,BA1388,17/05/2023,BA,Completed,YES,122,0,68,"£87,013.00"
AAAA442,BA1371,22/04/2023,BA,Scheduled,NULL,120,2286,13,"£2,950.00"
AAAA443,BA1787,19/05/2023,BA,Completed,NO,73,72,16,"£13,803.00"
AAAA444,BA2355,31/05/2023,BA,Cancelled,NULL,135,1728,1000,"£79,313.00"
AAAA445,BA1722,26/04/2023,BA,Scheduled,NULL,189,972,0,"£15,158.00"
AAAA446,BA505,31/05/2023,BA,Scheduled,NULL,98,1260,0,"£46,006.00"
AAAA447,BA1730,27/04/2023,BA,Scheduled,NULL,152,1386,0,"£129,263.00"
AAAA448,BA505,13/04/2023,BA,Cancelled,NULL,71,0,680,"£38,500.00"
AAAA449,BA721,05/06/2023,BA,Scheduled,NULL,27,1764,10,"£7,750.00"
AAAA450,BA1716,02/02/2023,BA,Cancelled,NULL,0,1692,480,"£10,559.00"
AAAA451,BA891,24/01/2023,BA,Cancelled,NULL,145,1332,680,"£14,700.00"
AAAA452,BA2000,18/04/2023,BA,Completed,NO,0,972,1360,"£14,700.00"
AAAA453,BA1526,25/01/2023,BA,Cancelled,NULL,54,0,920,"£78,708.00"
AAAA454,BA1730,02/03/2023,BA,Scheduled,NULL,97,18,22,£464.00
AAAA455,BA1702,17/03/2023,BA,Cancelled,NULL,97,1782,1,"£38,500.00"
AAAA456,BA1395,03/05/2023,BA,Cancelled,NULL,0,0,800,"£163,403.00"
AAAA457,BA1398,13/03/2023,BA,Scheduled,NULL,88,1116,19,"£59,002.00"
AAAA458,BA1748,12/06/2023,BA,Cancelled,NULL,326,0,0,£0.00
AAAA459,BA1382,26/04/2023,BA,Cancelled,NULL,99,2484,0,"£40,706.00"
AAAA460,BA1729,07/06/2023,BA,Cancelled,NULL,98,6696,680,"£30,854.00"
AAAA461,BA894,13/05/2023,BA,Cancelled,NULL,84,2916,9,"£33,259.00"
AAAA462,BA1729,02/03/2023,BA,Scheduled,NULL,0,2088,0,"£29,995.00"
AAAA463,BA1538,08/01/2023,BA,Completed,NO,101,972,1280,"£14,353.00"
AAAA464,BA1753,06/03/2023,BA,Cancelled,NULL,90,0,16,£0.00
AAAA465,BA955,29/03/2023,BA,Cancelled,NULL,0,0,24,"£17,368.00"
AAAA466,BA955,05/04/2023,BA,Scheduled,NULL,54,828,160,"£13,803.00"
AAAA467,BA2000,15/06/2023,BA,Cancelled,NULL,46,486,440,"£13,803.00"
AAAA468,BA891,30/04/2023,BA,Scheduled,NULL,0,0,1360,"£43,259.00"
AAAA469,BA1702,19/01/2023,BA,Scheduled,NULL,0,1890,1240,"£48,700.00"
AAAA470,BA933,21/04/2023,BA,Completed,NO,50,1386,18,£100.00
AAAA471,BA1716,10/06/2023,BA,Completed,NO,116,414,10,"£175,471.00"
AAAA472,BA1381,13/05/2023,BA,Scheduled,NULL,277,2430,920,"£175,471.00"
AAAA473,BA1729,19/05/2023,BA,Scheduled,NULL,0,1566,2680,"£33,259.00"
AAAA474,BA1702,02/06/2023,BA,Cancelled,NULL,50,6714,1,£0.00
AAAA475,BA545,19/04/2023,BA,Scheduled,NULL,145,828,33,"£11,456.00"
AAAA476,BA2359,26/05/2023,BA,Cancelled,NULL,116,1566,360,"£78,708.00"
AAAA477,BA2341,20/04/2023,BA,Completed,NO,74,1908,600,"£43,253.00"
AAAA478,BA1744,11/03/2023,BA,Completed,YES,65,1116,17,£0.00
AAAA479,BA2359,04/03/2023,BA,Scheduled,NULL,90,3132,27,"£43,700.00"
AAAA480,BA2007,01/01/2023,BA,Scheduled,NULL,97,4752,0,"£33,644.00"
AAAA481,BA1729,01/03/2023,BA,Scheduled,NULL,191,0,31,"£17,368.00"
AAAA482,BA1517,18/01/2023,BA,Scheduled,NULL,27,900,1360,"£43,700.00"
AAAA483,BA1729,02/01/2023,BA,Completed,NO,62,0,640,"£15,962.00"
AAAA484,BA894,19/01/2023,BA,Scheduled,NULL,84,648,600,"£33,259.00"
AAAA485,BA1399,19/04/2023,BA,Scheduled,NULL,107,0,680,"£73,759.00"
AAAA486,BA1371,22/02/2023,BA,Completed,NO,68,1764,19,"£45,900.00"
AAAA487,BA1738,08/03/2023,BA,Completed,NO,99,6768,22,"£5,203.00"
AAAA488,BA907,14/04/2023,BA,Completed,NO,73,2610,27,"£175,471.00"
AAAA489,BA2004,22/01/2023,BA,Scheduled,NULL,81,648,0,"£43,559.00"
AAAA490,BA2342,04/02/2023,BA,Scheduled,NULL,77,1692,800,"£10,559.00"
AAAA491,BA1706,09/03/2023,BA,Scheduled,NULL,93,3402,24,"£31,288.00"
AAAA492,BA1774,30/03/2023,BA,Cancelled,NULL,1,6696,31,"£40,512.00"
AAAA493,BA2354,29/01/2023,BA,Cancelled,NULL,373,1674,0,£0.00
AAAA494,BA1390,23/05/2023,BA,Completed,NO,77,4986,0,"£68,612.00"
AAAA495,BA1395,06/02/2023,BA,Scheduled,NULL,0,6768,48,£0.00
AAAA496,BA2351,13/06/2023,BA,Scheduled,NULL,148,1278,0,£0.00
AAAA497,BA499,20/03/2023,BA,Scheduled,NULL,98,2430,480,"£40,512.00"
AAAA498,BA1379,02/06/2023,BA,Scheduled,NULL,373,1224,800,"£29,995.00"
AAAA499,BA1379,05/04/2023,BA,Cancelled,NULL,94,2430,13,£464.00
AAAA500,BA1378,08/05/2023,BA,Scheduled,NULL,159,1782,11,"£7,750.00"
AAAA501,BA545,01/01/2023,BA,Cancelled,NULL,88,2430,0,"£46,006.00"
AAAA502,BA1752,19/03/2023,BA,Cancelled,NULL,85,1602,0,"£10,550.00"
AAAA503,BA1517,19/04/2023,BA,Cancelled,NULL,135,1278,26,"£40,859.00"
AAAA504,BA955,02/03/2023,BA,Scheduled,NULL,138,6768,24,"£43,412.00"
AAAA505,BA1510,14/06/2023,BA,Cancelled,NULL,0,1314,68,"£78,708.00"
AAAA506,BA893,14/04/2023,BA,Cancelled,NULL,372,864,1,"£73,759.00"
AAAA507,BA1510,14/05/2023,BA,Cancelled,NULL,99,1818,0,"£7,950.00"
AAAA508,BA2005,26/02/2023,BA,Scheduled,NULL,130,2934,520,"£59,002.00"
AAAA509,BA1378,10/03/2023,BA,Scheduled,NULL,127,1764,0,"£18,503.00"
AAAA510,BA2002,04/03/2023,BA,Completed,NO,0,0,17,"£9,800.00"
AAAA511,BA933,03/01/2023,BA,Cancelled,NULL,1,3294,1000,"£45,900.00"
AAAA512,BA1702,05/03/2023,BA,Scheduled,NULL,0,828,0,"£14,700.00"
AAAA513,BA948,07/05/2023,BA,Cancelled,NULL,0,2376,34,"£33,259.00"
AAAA514,BA1723,25/01/2023,BA,Completed,YES,27,1116,720,"£12,556.00"
AAAA515,BA1517,04/01/2023,BA,Cancelled,NULL,191,2430,680,"£30,854.00"
AAAA516,BA1762,05/04/2023,BA,Scheduled,NULL,95,1746,1280,"£81,671.00"
AAAA517,BA1444,03/03/2023,BA,Scheduled,NULL,85,1746,680,"£14,353.00"
AAAA518,BA542,22/03/2023,BA,Cancelled,NULL,54,2916,0,"£17,268.00"
AAAA519,BA2005,25/02/2023,BA,Cancelled,NULL,35,2376,1280,"£30,854.00"
AAAA520,BA1748,28/04/2023,BA,Scheduled,NULL,191,2034,0,"£40,859.00"
AAAA521,BA1787,22/02/2023,BA,Completed,NO,326,2430,920,"£17,268.00"
AAAA522,BA1516,03/03/2023,BA,Completed,NO,174,1800,27,"£29,995.00"
AAAA523,BA1534,11/05/2023,BA,Cancelled,NULL,0,1242,640,"£48,765.00"
AAAA524,BA1748,17/02/2023,BA,Completed,NO,113,1242,440,"£46,006.00"
AAAA525,BA1762,12/01/2023,BA,Cancelled,NULL,0,1620,17,£464.00
AAAA526,BA1775,20/04/2023,BA,Completed,NO,48,0,0,"£16,456.00"
AAAA527,BA955,28/02/2023,BA,Cancelled,NULL,93,1746,680,"£40,706.00"
AAAA528,BA1705,23/04/2023,BA,Scheduled,NULL,93,3132,720,£0.00
AAAA529,BA1379,07/03/2023,BA,Cancelled,NULL,154,2340,720,"£10,550.00"
AAAA530,BA2001,22/02/2023,BA,Cancelled,NULL,135,1692,440,"£45,455.00"
AAAA531,BA2007,25/05/2023,BA,Scheduled,NULL,90,1620,48,"£2,950.00"
AAAA532,BA1390,05/01/2023,BA,Cancelled,NULL,54,1386,0,"£33,259.00"
AAAA533,BA1538,20/04/2023,BA,Completed,NO,4,2376,0,"£14,353.00"
AAAA534,BA1526,14/01/2023,BA,Completed,NO,189,2772,640,"£18,503.00"
AAAA535,BA1394,17/05/2023,BA,Cancelled,NULL,0,1314,27,"£45,753.00"
AAAA536,BA1379,01/04/2023,BA,Scheduled,NULL,93,0,1080,"£14,465.00"
AAAA537,BA1700,04/04/2023,BA,Scheduled,NULL,0,2484,18,"£33,112.00"
AAAA538,BA1730,03/04/2023,BA,Scheduled,NULL,23,1512,9,"£3,900.00"
AAAA539,BA2004,05/01/2023,BA,Scheduled,NULL,99,1764,720,"£14,465.00"
AAAA540,BA2341,05/04/2023,BA,Scheduled,NULL,95,1584,720,"£2,950.00"
AAAA541,BA948,14/04/2023,BA,Completed,YES,97,1746,17,"£16,867.00"
AAAA542,BA1526,25/04/2023,BA,Completed,NO,98,0,2000,"£23,000.00"
AAAA543,BA949,15/06/2023,BA,Scheduled,NULL,0,6768,560,£0.00
AAAA544,BA1712,26/02/2023,BA,Scheduled,NULL,113,1602,13,"£18,503.00"
AAAA545,BA1712,26/01/2023,BA,Cancelled,NULL,138,1242,1160,"£11,456.00"
AAAA546,BA935,12/06/2023,BA,Cancelled,NULL,93,1926,400,£0.00
AAAA547,BA2000,12/06/2023,BA,Cancelled,NULL,0,2430,1280,"£25,400.00"
AAAA548,BA2359,05/06/2023,BA,Cancelled,NULL,56,72,520,£464.00
AAAA549,BA2000,04/02/2023,BA,Scheduled,NULL,88,1746,24,"£31,288.00"
AAAA550,BA1395,23/05/2023,BA,Cancelled,NULL,97,1566,0,"£10,559.00"
AAAA551,BA1753,06/03/2023,BA,Cancelled,NULL,174,1674,48,£0.00
AAAA552,BA1706,14/04/2023,BA,Scheduled,NULL,89,2430,520,"£61,623.00"
AAAA553,BA2002,30/01/2023,BA,Scheduled,NULL,105,2484,1240,£0.00
AAAA554,BA1387,30/01/2023,BA,Cancelled,NULL,77,2376,2360,"£18,447.00"
AAAA555,BA2007,13/05/2023,BA,Scheduled,NULL,135,2916,9,"£61,353.00"
AAAA556,BA1381,19/02/2023,BA,Cancelled,NULL,277,0,720,"£68,612.00"
AAAA557,BA1743,09/05/2023,BA,Scheduled,NULL,326,2862,960,"£31,288.00"
AAAA558,BA1374,26/04/2023,BA,Scheduled,NULL,96,0,1280,"£163,403.00"
AAAA559,BA505,01/02/2023,BA,Cancelled,NULL,188,414,1080,"£3,900.00"
AAAA560,BA893,19/04/2023,BA,Cancelled,NULL,74,3060,600,"£163,403.00"
AAAA561,BA2001,17/01/2023,BA,Completed,NO,373,1746,800,£0.00
AAAA562,BA1744,30/01/2023,BA,Cancelled,NULL,189,0,0,"£14,700.00"
AAAA563,BA1723,02/02/2023,BA,Scheduled,NULL,135,1692,13,"£10,056.00"
AAAA564,BA1702,18/02/2023,BA,Completed,NO,62,2430,0,"£30,706.00"
AAAA565,BA2342,08/01/2023,BA,Completed,NO,99,2160,680,"£33,259.00"
AAAA566,BA1712,13/05/2023,BA,Scheduled,NULL,54,0,680,"£17,368.00"
AAAA567,BA893,25/05/2023,BA,Completed,NO,138,1908,10,£0.00
AAAA568,BA2342,19/04/2023,BA,Scheduled,NULL,73,1278,24,"£23,000.00"
AAAA569,BA1707,22/04/2023,BA,Completed,NO,0,3438,11,"£175,471.00"
AAAA570,BA907,21/01/2023,BA,Completed,NO,77,1386,720,"£48,765.00"
AAAA571,BA1401,17/03/2023,BA,Scheduled,NULL,36,1332,1240,"£40,512.00"
AAAA572,BA1378,10/05/2023,BA,Scheduled,NULL,65,1170,920,"£9,916.00"
AAAA573,BA1381,12/04/2023,BA,Cancelled,NULL,97,1674,21,£0.00
AAAA574,BA1382,09/02/2023,BA,Scheduled,NULL,87,1458,1360,"£5,203.00"
AAAA575,BA1310,23/05/2023,BA,Completed,NO,100,1332,520,"£46,006.00"
AAAA576,BA1997,14/02/2023,BA,Cancelled,NULL,132,1746,19,"£10,559.00"
AAAA577,BA1712,01/02/2023,BA,Completed,YES,148,2430,920,"£16,456.00"
AAAA578,BA955,27/01/2023,BA,Scheduled,NULL,106,4752,2000,"£29,995.00"
AAAA579,BA1730,29/05/2023,BA,Cancelled,NULL,27,2430,0,"£12,556.00"
AAAA580,BA1700,12/01/2023,BA,Completed,NO,191,1386,0,"£33,259.00"
AAAA581,BA1702,21/01/2023,BA,Completed,NO,163,414,28,"£61,353.00"
AAAA582,BA544,18/01/2023,BA,Scheduled,NULL,161,0,640,"£14,353.00"
AAAA583,BA1379,12/03/2023,BA,Scheduled,NULL,88,1764,1080,£0.00
AAAA584,BA1510,07/03/2023,BA,Cancelled,NULL,189,0,480,"£10,550.00"
AAAA585,BA893,21/05/2023,BA,Completed,NO,74,1746,18,"£11,215.00"
AAAA586,BA1775,02/05/2023,BA,Completed,NO,100,1782,0,"£10,300.00"
AAAA587,BA1705,03/02/2023,BA,Scheduled,NULL,50,3060,29,"£43,259.00"
AAAA588,BA1706,11/06/2023,BA,Scheduled,NULL,56,1620,680,"£23,000.00"
AAAA589,BA1526,12/01/2023,BA,Completed,NO,62,2664,160,"£18,503.00"
AAAA590,BA2351,13/06/2023,BA,Completed,NO,93,1170,17,"£33,259.00"
AAAA591,BA1774,07/01/2023,BA,Completed,NO,376,2196,24,"£7,750.00"
AAAA592,BA1510,04/06/2023,BA,Completed,NO,88,972,1360,"£73,759.00"
AAAA593,BA1997,30/01/2023,BA,Cancelled,NULL,0,2736,480,£0.00
AAAA594,BA1729,27/05/2023,BA,Completed,YES,0,1602,21,£464.00
AAAA595,BA2343,01/01/2023,BA,Cancelled,NULL,107,3240,13,"£79,313.00"
AAAA596,BA1388,11/03/2023,BA,Cancelled,NULL,0,0,2000,£0.00
AAAA597,BA1517,13/01/2023,BA,Completed,NO,89,2376,17,"£31,288.00"
AAAA598,BA1762,04/01/2023,BA,Scheduled,NULL,73,1782,0,"£9,453.00"
AAAA599,BA1517,23/05/2023,BA,Cancelled,NULL,77,414,16,"£73,759.00"
AAAA600,BA1398,02/02/2023,BA,Completed,NO,87,0,640,"£15,158.00"
AAAA601,BA1517,07/04/2023,BA,Completed,NO,50,414,760,"£129,263.00"
AAAA602,BA1381,06/03/2023,BA,Completed,NO,0,3132,16,£0.00
AAAA603,BA1526,21/03/2023,BA,Scheduled,NULL,69,1746,760,£0.00
AAAA604,BA886,13/03/2023,BA,Scheduled,NULL,48,1116,0,"£28,106.00"
AAAA605,BA504,17/01/2023,BA,Scheduled,NULL,159,1728,760,"£38,500.00"
AAAA606,BA1379,17/04/2023,BA,Cancelled,NULL,326,4986,480,"£30,854.00"
AAAA607,BA1387,01/02/2023,BA,Scheduled,NULL,107,1332,0,"£40,512.00"
AAAA608,BA1538,12/06/2023,BA,Completed,NO,107,972,19,"£12,966.00"
AAAA609,BA1371,23/03/2023,BA,Completed,NO,27,1782,28,"£10,303.00"
AAAA610,BA542,14/05/2023,BA,Scheduled,NULL,376,0,9,"£33,644.00"
AAAA611,BA1738,05/06/2023,BA,Completed,NO,105,1530,560,"£9,916.00"
AAAA612,BA499,10/04/2023,BA,Cancelled,NULL,98,1674,400,"£103,747.00"
AAAA613,BA935,11/06/2023,BA,Completed,NO,27,1746,16,"£9,653.00"
AAAA614,BA1394,13/06/2023,BA,Completed,NO,84,0,21,"£38,500.00"
AAAA615,BA2354,14/06/2023,BA,Cancelled,NULL,69,1818,680,"£43,253.00"
AAAA616,BA1388,02/04/2023,BA,Completed,NO,159,1764,0,"£11,215.00"
AAAA617,BA1738,15/05/2023,BA,Cancelled,NULL,1,6714,24,"£10,056.00"
AAAA618,BA1310,18/04/2023,BA,Cancelled,NULL,62,2484,680,"£14,700.00"
AAAA619,BA1399,06/04/2023,BA,Cancelled,NULL,0,4986,0,"£40,262.00"
AAAA620,BA1787,16/03/2023,BA,Scheduled,NULL,0,972,1000,"£40,706.00"
AAAA621,BA545,23/01/2023,BA,Scheduled,NULL,65,1746,29,£0.00
AAAA622,BA1397,01/04/2023,BA,Cancelled,NULL,77,3402,16,"£30,706.00"
AAAA623,BA1390,13/05/2023,BA,Completed,NO,0,1746,22,"£10,303.00"
AAAA624,BA2342,10/01/2023,BA,Completed,NO,90,3240,160,"£46,006.00"
AAAA625,BA1399,12/03/2023,BA,Completed,NO,81,1008,2000,"£163,403.00"
AAAA626,BA1762,19/03/2023,BA,Scheduled,NULL,81,1728,16,"£17,368.00"
AAAA627,BA1374,11/06/2023,BA,Completed,NO,122,2088,2680,"£68,612.00"
AAAA628,BA1705,27/02/2023,BA,Completed,NO,135,2916,33,£0.00
AAAA629,BA1388,06/04/2023,BA,Scheduled,NULL,376,1764,960,"£43,253.00"
AAAA630,BA1753,06/05/2023,BA,Scheduled,NULL,188,828,31,"£40,262.00"
AAAA631,BA2341,15/04/2023,BA,Scheduled,NULL,163,1512,9,"£5,203.00"
AAAA632,BA907,17/01/2023,BA,Scheduled,NULL,277,1458,680,"£48,700.00"
AAAA633,BA1738,22/01/2023,BA,Cancelled,NULL,138,900,520,"£20,600.00"
AAAA634,BA1379,06/03/2023,BA,Cancelled,NULL,135,1710,0,"£3,900.00"
AAAA635,BA1382,31/05/2023,BA,Scheduled,NULL,376,3438,1240,"£3,800.00"
AAAA636,BA2005,05/05/2023,BA,Completed,NO,0,1530,0,£0.00
AAAA637,BA1510,12/02/2023,BA,Scheduled,NULL,62,1746,520,"£10,300.00"
AAAA638,BA1730,05/03/2023,BA,Completed,YES,46,4986,480,"£5,900.00"
AAAA639,BA1709,12/05/2023,BA,Cancelled,NULL,152,486,68,"£7,650.00"
AAAA640,BA1399,27/03/2023,BA,Cancelled,NULL,68,5868,600,"£38,353.00"
AAAA641,BA1374,05/02/2023,BA,Completed,NO,162,1890,18,"£1,594.00"
AAAA642,BA2338,04/03/2023,BA,Cancelled,NULL,159,1764,16,"£59,002.00"
AAAA643,BA949,11/04/2023,BA,Scheduled,NULL,62,1782,10,"£40,859.00"
AAAA644,BA504,10/01/2023,BA,Completed,NO,48,0,2000,£0.00
AAAA645,BA2000,09/04/2023,BA,Cancelled,NULL,0,1782,760,"£14,353.00"
AAAA646,BA1762,05/06/2023,BA,Scheduled,NULL,183,972,1160,£0.00
AAAA647,BA1444,05/04/2023,BA,Cancelled,NULL,97,1620,720,"£7,950.00"
AAAA648,BA1739,04/04/2023,BA,Scheduled,NULL,68,0,6,"£12,966.00"
AAAA649,BA1739,22/03/2023,BA,Scheduled,NULL,93,1710,17,"£19,856.00"
AAAA650,BA2002,23/03/2023,BA,Scheduled,NULL,81,2610,1360,£0.00
AAAA651,BA1705,31/03/2023,BA,Completed,NO,90,1764,29,"£59,002.00"
AAAA652,BA1377,15/02/2023,BA,Cancelled,NULL,0,1566,560,"£43,559.00"
AAAA653,BA1709,24/04/2023,BA,Completed,NO,132,2664,520,"£10,303.00"
AAAA654,BA1762,13/04/2023,BA,Cancelled,NULL,0,486,1360,"£6,053.00"
AAAA655,BA2008,16/02/2023,BA,Scheduled,NULL,326,1224,0,"£25,400.00"
AAAA656,BA1526,13/01/2023,BA,Cancelled,NULL,90,1674,0,"£57,092.00"
AAAA657,BA1379,30/03/2023,BA,Completed,YES,162,1818,1080,"£1,594.00"
AAAA658,BA1379,14/04/2023,BA,Completed,NO,94,3060,1280,"£23,000.00"
AAAA659,BA1700,21/02/2023,BA,Scheduled,NULL,0,1566,760,"£48,765.00"
AAAA660,BA894,20/02/2023,BA,Scheduled,NULL,73,2934,24,"£175,471.00"
AAAA661,BA1752,20/03/2023,BA,Scheduled,NULL,0,1692,10,"£175,471.00"
AAAA662,BA504,03/03/2023,BA,Completed,NO,135,1278,1,"£38,353.00"
AAAA663,BA504,30/01/2023,BA,Cancelled,NULL,71,486,24,£0.00
AAAA664,BA542,12/02/2023,BA,Scheduled,NULL,0,6696,720,"£63,659.00"
AAAA665,BA1739,29/03/2023,BA,Completed,NO,132,1116,0,"£12,966.00"
AAAA666,BA1397,13/04/2023,BA,Cancelled,NULL,0,1764,16,£0.00
AAAA667,BA1709,24/02/2023,BA,Cancelled,NULL,189,0,22,"£73,759.00"
AAAA668,BA545,06/04/2023,BA,Completed,NO,116,3384,24,"£17,268.00"
AAAA669,BA1738,08/06/2023,BA,Completed,NO,101,1008,6,"£23,000.00"
AAAA670,BA2359,12/01/2023,BA,Cancelled,NULL,99,1566,680,"£18,447.00"
AAAA671,BA1379,19/01/2023,BA,Cancelled,NULL,95,2340,0,"£38,500.00"
AAAA672,BA1534,05/02/2023,BA,Completed,NO,84,1008,0,£0.00
AAAA673,BA1739,17/05/2023,BA,Completed,NO,27,1332,17,£0.00
AAAA674,BA894,19/05/2023,BA,Cancelled,NULL,98,1278,9,"£18,447.00"
AAAA675,BA2000,08/02/2023,BA,Completed,NO,95,2898,18,"£7,650.00"
AAAA676,BA1397,10/02/2023,BA,Completed,YES,180,1728,880,£0.00
AAAA677,BA544,24/01/2023,BA,Scheduled,NULL,71,1386,1160,£0.00
AAAA678,BA1390,15/06/2023,BA,Completed,NO,1,1314,640,"£61,623.00"
AAAA679,BA1371,08/01/2023,BA,Cancelled,NULL,56,2862,720,"£45,753.00"
AAAA680,BA2001,16/03/2023,BA,Scheduled,NULL,87,3060,6,"£29,995.00"
AAAA681,BA1517,18/01/2023,BA,Scheduled,NULL,0,2916,1,"£87,013.00"
AAAA682,BA1729,11/03/2023,BA,Completed,NO,135,2430,1360,"£46,006.00"
AAAA683,BA1538,21/02/2023,BA,Scheduled,NULL,188,1314,16,"£25,400.00"
AAAA684,BA891,22/02/2023,BA,Completed,NO,23,3294,680,"£9,453.00"
AAAA685,BA1752,06/03/2023,BA,Completed,NO,0,1242,720,"£29,995.00"
AAAA686,BA2359,16/01/2023,BA,Scheduled,NULL,98,18,480,"£43,412.00"
AAAA687,BA2006,02/05/2023,BA,Cancelled,NULL,97,3438,24,"£33,644.00"
AAAA688,BA1739,02/05/2023,BA,Cancelled,NULL,97,18,24,"£6,750.00"
AAAA689,BA1388,03/01/2023,BA,Scheduled,NULL,0,3294,0,"£43,253.00"
AAAA690,BA2349,29/05/2023,BA,Completed,NO,50,1620,1160,"£38,500.00"
AAAA691,BA1388,02/03/2023,BA,Scheduled,NULL,183,1278,17,"£18,503.00"
AAAA692,BA2008,22/02/2023,BA,Completed,NO,264,900,68,"£68,612.00"
AAAA693,BA922,18/02/2023,BA,Completed,NO,376,1746,800,"£10,550.00"
AAAA694,BA1716,08/04/2023,BA,Cancelled,NULL,372,0,6,"£68,612.00"
AAAA695,BA2342,04/02/2023,BA,Completed,NO,154,1170,520,"£10,900.00"
AAAA696,BA2343,17/02/2023,BA,Scheduled,NULL,27,3132,0,"£30,854.00"
AAAA697,BA544,24/02/2023,BA,Scheduled,NULL,84,1692,1080,£0.00
AAAA698,BA1700,24/05/2023,BA,Completed,NO,97,0,760,"£7,650.00"
AAAA699,BA1748,06/05/2023,BA,Scheduled,NULL,162,1314,680,"£8,400.00"
AAAA700,BA1381,01/03/2023,BA,Completed,NO,163,1170,760,"£103,747.00"
AAAA701,BA2006,20/02/2023,BA,Completed,NO,97,414,0,"£3,900.00"
AAAA702,BA2004,05/01/2023,BA,Completed,YES,105,2430,680,£0.00
AAAA703,BA1743,28/05/2023,BA,Cancelled,NULL,170,486,6,"£78,708.00"
AAAA704,BA907,14/01/2023,BA,Scheduled,NULL,98,4752,360,£0.00
AAAA705,BA1752,28/01/2023,BA,Scheduled,NULL,120,0,480,"£73,759.00"
AAAA706,BA1379,05/06/2023,BA,Scheduled,NULL,4,3060,34,"£43,253.00"
AAAA707,BA1510,14/04/2023,BA,Scheduled,NULL,54,1782,13,"£40,512.00"
AAAA708,BA1730,18/05/2023,BA,Cancelled,NULL,87,2196,600,"£20,600.00"
AAAA709,BA2002,22/04/2023,BA,Cancelled,NULL,90,2286,640,£0.00
AAAA710,BA1382,29/05/2023,BA,Cancelled,NULL,35,0,160,"£45,455.00"
AAAA711,BA1381,12/03/2023,BA,Completed,NO,84,1278,480,"£45,900.00"
AAAA712,BA2359,20/04/2023,BA,Completed,NO,48,1782,13,"£81,671.00"
AAAA713,BA1397,21/05/2023,BA,Scheduled,NULL,161,0,720,"£17,368.00"
AAAA714,BA1739,14/01/2023,BA,Cancelled,NULL,326,2430,720,£0.00
AAAA715,BA631,13/03/2023,BA,Cancelled,NULL,54,1674,24,"£6,750.00"
AAAA716,BA893,06/06/2023,BA,Cancelled,NULL,0,1692,24,£0.00
AAAA717,BA949,23/03/2023,BA,Completed,NO,101,1530,16,"£18,447.00"
AAAA718,BA1712,01/02/2023,BA,Scheduled,NULL,94,3402,600,"£6,750.00"
AAAA719,BA505,13/04/2023,BA,Scheduled,NULL,0,1818,23,"£43,253.00"
AAAA720,BA2351,31/05/2023,BA,Scheduled,NULL,0,0,680,"£79,313.00"
AAAA721,BA1997,06/03/2023,BA,Scheduled,NULL,90,0,600,"£61,623.00"
AAAA722,BA2351,25/01/2023,BA,Scheduled,NULL,135,2196,1160,"£63,659.00"
AAAA723,BA2338,08/03/2023,BA,Scheduled,NULL,71,2286,34,"£59,002.00"
AAAA724,BA1771,30/05/2023,BA,Scheduled,NULL,65,3402,1240,"£48,765.00"
AAAA725,BA1374,21/05/2023,BA,Scheduled,NULL,46,3402,17,"£51,112.00"
AAAA726,BA905,03/05/2023,BA,Scheduled,NULL,99,1242,48,£0.00
AAAA727,BA2355,05/01/2023,BA,Scheduled,NULL,84,1242,0,"£14,465.00"
AAAA728,BA1775,30/03/2023,BA,Scheduled,NULL,93,0,29,"£10,450.00"
AAAA729,BA1538,22/04/2023,BA,Cancelled,NULL,99,1674,31,"£29,995.00"
AAAA730,BA955,03/02/2023,BA,Scheduled,NULL,135,3240,67,"£10,303.00"
AAAA731,BA1762,27/03/2023,BA,Cancelled,NULL,85,2430,16,"£68,612.00"
AAAA732,BA1379,22/03/2023,BA,Cancelled,NULL,95,3384,1240,"£43,700.00"
AAAA733,BA1371,11/03/2023,BA,Scheduled,NULL,105,0,18,"£29,995.00"
AAAA734,BA1374,19/01/2023,BA,Completed,YES,135,1890,13,£0.00
AAAA735,BA1526,14/01/2023,BA,Cancelled,NULL,77,1224,440,"£14,465.00"
AAAA736,BA2002,21/02/2023,BA,Cancelled,NULL,36,1278,2360,£0.00
AAAA737,BA894,10/05/2023,BA,Completed,NO,145,1692,19,"£63,659.00"
AAAA738,BA1707,20/05/2023,BA,Scheduled,NULL,106,2736,400,"£10,300.00"
AAAA739,BA1738,04/01/2023,BA,Scheduled,NULL,71,630,13,"£6,750.00"
AAAA740,BA1752,05/02/2023,BA,Cancelled,NULL,99,1800,0,"£17,268.00"
AAAA741,BA2001,15/06/2023,BA,Scheduled,NULL,95,1746,1,"£18,447.00"
AAAA742,BA1775,15/03/2023,BA,Cancelled,NULL,54,630,19,"£18,503.00"
AAAA743,BA1752,19/05/2023,BA,Cancelled,NULL,0,630,640,"£78,708.00"
AAAA744,BA631,12/02/2023,BA,Scheduled,NULL,148,1116,27,"£48,700.00"
AAAA745,BA545,31/01/2023,BA,Completed,NO,277,3384,720,"£163,403.00"
AAAA746,BA2001,12/05/2023,BA,Completed,YES,97,2736,17,"£40,706.00"
AAAA747,BA721,08/05/2023,BA,Completed,NO,0,0,10,"£15,962.00"
AAAA748,BA955,16/03/2023,BA,Scheduled,NULL,97,2934,26,"£19,856.00"
AAAA749,BA1743,03/05/2023,BA,Scheduled,NULL,35,2430,2000,"£16,456.00"
AAAA750,BA948,08/03/2023,BA,Scheduled,NULL,277,3294,0,"£38,100.00"
AAAA751,BA922,24/04/2023,BA,Scheduled,NULL,100,2430,600,"£23,000.00"
AAAA752,BA1377,25/02/2023,BA,Completed,NO,0,3132,29,"£7,650.00"
AAAA753,BA1516,10/04/2023,BA,Completed,NO,0,1692,16,£0.00
AAAA754,BA2007,21/02/2023,BA,Completed,NO,68,1620,10,"£48,765.00"
AAAA755,BA1775,26/04/2023,BA,Completed,YES,96,1620,680,"£163,403.00"
AAAA756,BA2007,20/01/2023,BA,Cancelled,NULL,62,0,2000,"£87,013.00"
AAAA757,BA1394,04/02/2023,BA,Completed,NO,77,2610,320,£0.00
AAAA758,BA1401,12/02/2023,BA,Scheduled,NULL,87,1692,440,"£38,500.00"
AAAA759,BA2001,16/04/2023,BA,Cancelled,NULL,88,2610,520,"£61,623.00"
AAAA760,BA1722,01/03/2023,BA,Cancelled,NULL,0,1674,2360,"£10,056.00"
AAAA761,BA935,07/05/2023,BA,Scheduled,NULL,97,2430,26,"£15,962.00"
AAAA762,BA2005,16/02/2023,BA,Completed,NO,148,1890,400,"£38,353.00"
AAAA763,BA1388,28/02/2023,BA,Completed,NO,180,18,1360,£0.00
AAAA764,BA1382,18/05/2023,BA,Completed,NO,0,2772,1160,"£7,750.00"
AAAA765,BA2000,19/03/2023,BA,Completed,YES,90,1584,17,"£61,353.00"
AAAA766,BA2005,07/05/2023,BA,Completed,NO,191,972,16,"£2,950.00"
AAAA767,BA886,05/01/2023,BA,Completed,NO,81,1566,6,"£2,950.00"
AAAA768,BA1517,28/01/2023,BA,Scheduled,NULL,170,972,680,£0.00
AAAA769,BA1709,16/03/2023,BA,Scheduled,NULL,113,1620,0,"£40,859.00"
AAAA770,BA1702,13/06/2023,BA,Cancelled,NULL,154,1278,48,£0.00
AAAA771,BA1444,23/02/2023,BA,Cancelled,NULL,138,1602,0,£0.00
AAAA772,BA2355,15/04/2023,BA,Cancelled,NULL,148,864,48,"£9,800.00"
AAAA773,BA1707,05/05/2023,BA,Completed,NO,99,2430,13,"£81,671.00"
AAAA774,BA1398,24/01/2023,BA,Completed,NO,0,0,480,"£163,403.00"
AAAA775,BA2006,02/05/2023,BA,Scheduled,NULL,101,972,640,"£16,867.00"
AAAA776,BA894,17/02/2023,BA,Completed,NO,0,2430,10,"£61,623.00"
AAAA777,BA2007,26/03/2023,BA,Cancelled,NULL,90,1260,19,"£18,447.00"
AAAA778,BA893,05/06/2023,BA,Cancelled,NULL,87,2088,1280,"£1,594.00"
AAAA779,BA1709,16/05/2023,BA,Scheduled,NULL,97,5868,680,"£20,600.00"
AAAA780,BA504,30/04/2023,BA,Completed,YES,127,0,600,"£45,455.00"
AAAA781,BA1526,27/03/2023,BA,Cancelled,NULL,54,0,720,"£73,759.00"
AAAA782,BA2006,24/04/2023,BA,Cancelled,NULL,148,1782,16,£0.00
AAAA783,BA1399,04/02/2023,BA,Scheduled,NULL,122,648,0,£450.00
AAAA784,BA2355,05/04/2023,BA,Cancelled,NULL,170,2610,720,"£40,859.00"
AAAA785,BA1395,29/04/2023,BA,Scheduled,NULL,135,72,19,"£163,403.00"
AAAA786,BA1382,25/02/2023,BA,Cancelled,NULL,132,2898,18,"£38,100.00"
AAAA787,BA955,23/05/2023,BA,Cancelled,NULL,326,1764,520,£0.00
AAAA788,BA1739,02/05/2023,BA,Completed,NO,23,1332,23,"£14,465.00"
AAAA789,BA1771,30/05/2023,BA,Completed,NO,180,972,160,"£18,447.00"
AAAA790,BA2001,18/03/2023,BA,Cancelled,NULL,0,1620,22,£464.00
AAAA791,BA1534,10/01/2023,BA,Completed,YES,189,2736,1280,"£43,700.00"
AAAA792,BA2359,17/04/2023,BA,Scheduled,NULL,54,648,680,"£63,659.00"
AAAA793,BA1399,17/04/2023,BA,Cancelled,NULL,89,6714,24,£0.00
AAAA794,BA2001,26/05/2023,BA,Completed,YES,96,2196,67,£100.00
AAAA795,BA542,22/05/2023,BA,Completed,YES,127,1710,6,"£68,612.00"
AAAA796,BA2341,28/03/2023,BA,Cancelled,NULL,376,1458,1000,"£45,455.00"
AAAA797,BA1444,29/05/2023,BA,Scheduled,NULL,122,2862,33,"£12,966.00"
AAAA798,BA2002,20/02/2023,BA,Completed,YES,46,1530,5,"£38,353.00"
AAAA799,BA2342,23/05/2023,BA,Completed,NO,162,5868,2680,"£57,092.00"
AAAA800,BA1762,07/01/2023,BA,Cancelled,NULL,94,0,19,"£57,092.00"
AAAA801,BA894,15/06/2023,BA,Scheduled,NULL,81,0,400,"£31,288.00"
AAAA802,BA894,21/01/2023,BA,Cancelled,NULL,373,1728,2360,"£129,263.00"
AAAA803,BA1729,24/03/2023,BA,Cancelled,NULL,54,0,1,"£79,313.00"
AAAA804,BA1398,29/03/2023,BA,Scheduled,NULL,0,2034,1,"£57,092.00"
AAAA805,BA1730,01/05/2023,BA,Scheduled,NULL,188,2340,18,"£46,006.00"
AAAA806,BA1379,17/01/2023,BA,Completed,NO,120,1710,640,"£175,471.00"
AAAA807,BA2006,04/03/2023,BA,Scheduled,NULL,71,1746,24,"£19,856.00"
AAAA808,BA1739,08/03/2023,BA,Completed,NO,373,1116,9,"£68,612.00"
AAAA809,BA1748,01/01/2023,BA,Cancelled,NULL,113,1332,960,"£38,353.00"
AAAA810,BA1401,13/04/2023,BA,Cancelled,NULL,73,3240,19,"£30,854.00"
AAAA811,BA891,28/01/2023,BA,Scheduled,NULL,373,900,720,"£9,916.00"
AAAA812,BA1516,28/01/2023,BA,Cancelled,NULL,372,72,18,"£3,900.00"
AAAA813,BA948,09/02/2023,BA,Completed,NO,135,2772,0,"£25,400.00"
AAAA814,BA894,29/05/2023,BA,Completed,YES,0,1008,640,"£29,995.00"
AAAA815,BA1526,08/04/2023,BA,Cancelled,NULL,180,2610,18,"£51,112.00"
AAAA816,BA1771,28/01/2023,BA,Scheduled,NULL,376,1242,880,"£45,753.00"
AAAA817,BA1716,20/05/2023,BA,Completed,NO,277,2286,600,"£40,512.00"
AAAA818,BA907,06/03/2023,BA,Scheduled,NULL,89,1332,640,"£6,053.00"
AAAA819,BA1716,07/03/2023,BA,Cancelled,NULL,132,1728,48,£0.00
AAAA820,BA886,07/05/2023,BA,Scheduled,NULL,148,1728,2000,"£38,100.00"
AAAA821,BA2008,07/03/2023,BA,Completed,YES,0,1458,16,"£16,867.00"
AAAA822,BA1374,25/03/2023,BA,Cancelled,NULL,135,414,0,"£43,412.00"
AAAA823,BA543,14/06/2023,BA,Scheduled,NULL,93,2484,0,"£30,854.00"
AAAA824,BA1729,02/04/2023,BA,Scheduled,NULL,0,2430,17,"£73,759.00"
AAAA825,BA1399,30/01/2023,BA,Completed,YES,127,1620,21,"£45,753.00"
AAAA826,BA1444,18/04/2023,BA,Cancelled,NULL,90,630,600,"£10,559.00"
AAAA827,BA1723,11/01/2023,BA,Completed,YES,88,0,28,"£175,471.00"
AAAA828,BA1997,05/01/2023,BA,Completed,NO,0,486,13,"£9,800.00"
AAAA829,BA1516,03/01/2023,BA,Scheduled,NULL,120,1242,680,"£40,262.00"
AAAA830,BA1709,01/04/2023,BA,Completed,NO,97,3294,600,"£175,471.00"
AAAA831,BA1753,28/01/2023,BA,Cancelled,NULL,152,3294,0,£0.00
AAAA832,BA2359,07/05/2023,BA,Scheduled,NULL,97,2898,19,"£40,512.00"
AAAA833,BA1702,02/03/2023,BA,Scheduled,NULL,107,1710,11,£100.00
AAAA834,BA2354,01/05/2023,BA,Scheduled,NULL,135,2376,480,£0.00
AAAA835,BA1534,17/02/2023,BA,Scheduled,NULL,100,1764,520,"£10,300.00"
AAAA836,BA922,27/01/2023,BA,Completed,NO,89,1224,1240,"£10,559.00"
AAAA837,BA886,21/03/2023,BA,Completed,YES,35,828,16,"£15,158.00"
AAAA838,BA2006,19/01/2023,BA,Completed,NO,100,1602,680,"£129,263.00"
AAAA839,BA608,08/04/2023,BA,Cancelled,NULL,81,1746,960,£0.00
AAAA840,BA1702,10/05/2023,BA,Cancelled,NULL,87,1782,0,"£7,750.00"
AAAA841,BA2359,08/05/2023,BA,Cancelled,NULL,0,1278,13,"£9,653.00"
AAAA842,BA2351,04/04/2023,BA,Cancelled,NULL,372,2034,33,"£31,288.00"
AAAA843,BA1702,14/02/2023,BA,Completed,YES,65,1566,18,"£7,750.00"
AAAA844,BA545,27/05/2023,BA,Scheduled,NULL,326,1566,720,"£79,313.00"
AAAA845,BA542,06/01/2023,BA,Completed,NO,148,1926,680,"£10,550.00"
AAAA846,BA2008,22/03/2023,BA,Scheduled,NULL,189,0,0,"£48,700.00"
AAAA847,BA1526,16/01/2023,BA,Completed,NO,99,972,18,"£16,867.00"
AAAA848,BA542,25/01/2023,BA,Cancelled,NULL,372,1242,1160,"£38,100.00"
AAAA849,BA907,20/02/2023,BA,Completed,NO,135,1674,1080,"£11,456.00"
AAAA850,BA1775,03/03/2023,BA,Completed,NO,105,3132,9,"£2,950.00"
AAAA851,BA504,31/03/2023,BA,Completed,NO,0,2898,5,"£63,659.00"
AAAA852,BA1401,28/01/2023,BA,Cancelled,NULL,95,1566,800,"£10,550.00"
AAAA853,BA631,12/05/2023,BA,Completed,YES,101,2034,0,"£25,400.00"
AAAA854,BA1516,22/04/2023,BA,Cancelled,NULL,93,2862,5,"£1,594.00"
AAAA855,BA891,11/04/2023,BA,Scheduled,NULL,174,972,48,"£18,503.00"
AAAA856,BA1381,03/04/2023,BA,Completed,NO,107,0,680,"£33,112.00"
AAAA857,BA1712,15/02/2023,BA,Completed,NO,93,2034,2360,£0.00
AAAA858,BA1762,01/02/2023,BA,Completed,YES,174,0,11,"£12,966.00"
AAAA859,BA891,01/03/2023,BA,Scheduled,NULL,97,630,17,"£175,471.00"
AAAA860,BA543,16/03/2023,BA,Completed,YES,100,2862,600,£0.00
AAAA861,BA905,30/04/2023,BA,Completed,YES,4,1746,520,"£45,455.00"
AAAA862,BA1377,05/04/2023,BA,Cancelled,NULL,77,1890,560,"£19,856.00"
AAAA863,BA1729,02/06/2023,BA,Completed,NO,130,3240,720,"£10,450.00"
AAAA864,BA2338,05/02/2023,BA,Cancelled,NULL,90,1728,480,"£10,450.00"
AAAA865,BA505,28/05/2023,BA,Cancelled,NULL,85,3438,6,"£43,412.00"
AAAA866,BA1712,31/03/2023,BA,Cancelled,NULL,130,0,600,"£10,559.00"
AAAA867,BA1534,30/01/2023,BA,Cancelled,NULL,145,2430,640,"£103,747.00"
AAAA868,BA1378,17/03/2023,BA,Scheduled,NULL,0,0,720,"£5,203.00"
AAAA869,BA1310,27/01/2023,BA,Scheduled,NULL,148,1674,720,"£10,900.00"
AAAA870,BA544,09/01/2023,BA,Scheduled,NULL,88,2430,0,"£1,594.00"
AAAA871,BA505,25/04/2023,BA,Completed,YES,120,1692,17,"£6,053.00"
AAAA872,BA2349,12/02/2023,BA,Scheduled,NULL,373,2916,880,"£45,900.00"
AAAA873,BA2007,26/01/2023,BA,Completed,NO,90,1224,640,"£18,447.00"
AAAA874,BA1538,20/02/2023,BA,Scheduled,NULL,65,1764,600,"£5,203.00"
AAAA875,BA1753,18/03/2023,BA,Cancelled,NULL,122,2286,19,"£8,400.00"
AAAA876,BA721,14/01/2023,BA,Completed,NO,0,2034,27,"£29,995.00"
AAAA877,BA1707,09/04/2023,BA,Completed,NO,90,2286,480,"£57,092.00"
AAAA878,BA2007,12/03/2023,BA,Cancelled,NULL,0,0,800,"£129,263.00"
AAAA879,BA1771,05/06/2023,BA,Scheduled,NULL,180,1602,16,"£11,215.00"
AAAA880,BA1722,26/04/2023,BA,Scheduled,NULL,105,18,31,£0.00
AAAA881,BA1534,18/01/2023,BA,Completed,NO,81,0,19,"£43,253.00"
AAAA882,BA1729,09/04/2023,BA,Completed,NO,96,1746,440,"£2,950.00"
AAAA883,BA1377,22/02/2023,BA,Cancelled,NULL,36,1566,440,£0.00
AAAA884,BA2349,24/05/2023,BA,Scheduled,NULL,77,2034,17,£0.00
AAAA885,BA1382,12/05/2023,BA,Cancelled,NULL,132,1566,48,"£7,950.00"
AAAA886,BA544,23/05/2023,BA,Completed,NO,0,1620,6,"£9,653.00"
AAAA887,BA631,25/04/2023,BA,Cancelled,NULL,96,630,18,"£10,450.00"
AAAA888,BA2359,27/04/2023,BA,Scheduled,NULL,135,2430,0,"£63,659.00"
AAAA889,BA1771,09/03/2023,BA,Scheduled,NULL,65,1818,16,"£48,765.00"
AAAA890,BA1712,21/02/2023,BA,Scheduled,NULL,48,3060,18,"£10,550.00"
AAAA891,BA1730,09/04/2023,BA,Scheduled,NULL,0,0,21,£0.00
AAAA892,BA1538,05/01/2023,BA,Scheduled,NULL,94,0,2360,"£45,455.00"
AAAA893,BA1762,02/04/2023,BA,Scheduled,NULL,77,2664,160,"£7,750.00"
AAAA894,BA2008,11/05/2023,BA,Cancelled,NULL,96,2286,48,"£18,447.00"
AAAA895,BA505,15/04/2023,BA,Completed,NO,54,2736,480,£0.00
AAAA896,BA545,25/01/2023,BA,Scheduled,NULL,127,6714,0,"£43,412.00"
AAAA897,BA505,25/05/2023,BA,Scheduled,NULL,99,2286,320,£0.00
AAAA898,BA1398,16/03/2023,BA,Completed,YES,74,2430,2680,"£43,559.00"
AAAA899,BA1397,04/04/2023,BA,Completed,NO,0,0,11,"£11,215.00"
AAAA900,BA1730,21/01/2023,BA,Scheduled,NULL,93,972,13,"£8,400.00"
AAAA901,BA1517,07/04/2023,BA,Cancelled,NULL,113,2088,480,"£175,471.00"
AAAA902,BA2351,28/03/2023,BA,Completed,YES,95,4986,13,"£33,259.00"
AAAA903,BA1397,06/05/2023,BA,Cancelled,NULL,132,1242,760,"£43,253.00"
AAAA904,BA1752,30/04/2023,BA,Cancelled,NULL,106,1890,13,"£3,800.00"
AAAA905,BA1787,12/03/2023,BA,Completed,NO,1,1008,1360,"£14,353.00"
AAAA906,BA1748,01/04/2023,BA,Cancelled,NULL,138,1746,160,"£23,000.00"
AAAA907,BA2004,06/02/2023,BA,Completed,NO,62,1746,680,"£73,759.00"
AAAA908,BA907,08/05/2023,BA,Scheduled,NULL,50,6696,640,"£29,995.00"
AAAA909,BA2341,01/03/2023,BA,Cancelled,NULL,98,4986,2000,"£18,503.00"
AAAA910,BA2355,10/03/2023,BA,Completed,NO,105,1602,22,"£7,750.00"
AAAA911,BA543,28/03/2023,BA,Scheduled,NULL,81,1782,640,"£40,706.00"
AAAA912,BA1401,24/01/2023,BA,Scheduled,NULL,188,2430,6,"£29,995.00"
AAAA913,BA2342,03/04/2023,BA,Completed,NO,163,1674,0,£0.00
AAAA914,BA1310,11/05/2023,BA,Cancelled,NULL,74,3060,34,"£9,800.00"
AAAA915,BA948,22/05/2023,BA,Completed,NO,96,2160,0,"£20,600.00"
AAAA916,BA893,08/06/2023,BA,Cancelled,NULL,94,972,600,"£10,559.00"
AAAA917,BA1382,03/06/2023,BA,Completed,NO,163,0,920,"£18,503.00"
AAAA918,BA1444,21/02/2023,BA,Cancelled,NULL,68,2430,1160,"£19,856.00"
AAAA919,BA893,11/06/2023,BA,Cancelled,NULL,264,486,21,"£48,700.00"
AAAA920,BA933,22/01/2023,BA,Cancelled,NULL,373,1620,26,"£3,900.00"
AAAA921,BA2000,26/02/2023,BA,Scheduled,NULL,264,1566,29,"£16,456.00"
AAAA922,BA935,01/04/2023,BA,Scheduled,NULL,73,0,14,"£11,215.00"
AAAA923,BA1744,22/03/2023,BA,Scheduled,NULL,77,6714,6,£100.00
AAAA924,BA1538,14/06/2023,BA,Cancelled,NULL,0,864,880,"£17,368.00"
AAAA925,BA1401,07/06/2023,BA,Scheduled,NULL,70,0,48,"£68,612.00"
AAAA926,BA1371,15/02/2023,BA,Cancelled,NULL,0,1764,48,£0.00
AAAA927,BA2008,06/05/2023,BA,Scheduled,NULL,98,1890,720,"£43,259.00"
AAAA928,BA504,09/02/2023,BA,Cancelled,NULL,62,2034,680,"£19,856.00"
AAAA929,BA1762,08/03/2023,BA,Completed,NO,27,1746,21,"£28,106.00"
AAAA930,BA1702,03/04/2023,BA,Scheduled,NULL,97,2664,9,"£1,594.00"
AAAA931,BA1716,04/02/2023,BA,Cancelled,NULL,130,2430,0,"£48,700.00"
AAAA932,BA922,04/01/2023,BA,Completed,NO,148,2430,16,"£5,203.00"
AAAA933,BA1729,07/04/2023,BA,Completed,YES,71,6714,17,"£46,006.00"
AAAA934,BA1510,26/04/2023,BA,Cancelled,NULL,264,1890,26,"£40,262.00"
AAAA935,BA1700,14/01/2023,BA,Completed,NO,93,414,0,"£129,263.00"
AAAA936,BA1787,03/05/2023,BA,Cancelled,NULL,0,4986,2680,"£11,456.00"
AAAA937,BA631,10/04/2023,BA,Completed,NO,98,1674,5,"£78,708.00"
AAAA938,BA1517,25/05/2023,BA,Completed,NO,106,1116,2000,"£81,671.00"
AAAA939,BA1722,19/04/2023,BA,Scheduled,NULL,77,0,360,"£57,092.00"
AAAA940,BA2359,17/04/2023,BA,Cancelled,NULL,116,1170,680,"£5,203.00"
AAAA941,BA2001,31/05/2023,BA,Scheduled,NULL,120,1818,6,"£43,559.00"
AAAA942,BA1510,18/02/2023,BA,Cancelled,NULL,1,1728,0,"£129,263.00"
AAAA943,BA2355,06/01/2023,BA,Completed,YES,180,1710,16,£0.00
AAAA944,BA1723,19/01/2023,BA,Cancelled,NULL,0,0,24,"£33,259.00"
AAAA945,BA1516,14/02/2023,BA,Scheduled,NULL,188,1782,400,"£87,013.00"
AAAA946,BA933,14/02/2023,BA,Cancelled,NULL,99,2430,520,£0.00
AAAA947,BA2349,11/06/2023,BA,Completed,NO,154,1116,2360,"£129,263.00"
AAAA948,BA545,03/02/2023,BA,Scheduled,NULL,84,486,480,"£68,612.00"
AAAA949,BA2007,13/06/2023,BA,Completed,NO,138,2772,16,"£10,550.00"
AAAA950,BA1706,21/04/2023,BA,Completed,NO,170,3132,680,"£10,900.00"
AAAA951,BA2001,05/05/2023,BA,Cancelled,NULL,161,0,19,"£59,002.00"
AAAA952,BA1748,15/05/2023,BA,Scheduled,NULL,101,1764,0,"£10,450.00"
AAAA953,BA1730,21/01/2023,BA,Scheduled,NULL,87,0,2000,£450.00
AAAA954,BA1753,10/06/2023,BA,Cancelled,NULL,174,1332,1360,"£59,002.00"
AAAA955,BA1738,08/02/2023,BA,Completed,NO,113,1008,520,"£33,644.00"
AAAA956,BA1744,07/04/2023,BA,Scheduled,NULL,0,972,11,"£17,368.00"
AAAA957,BA2355,11/05/2023,BA,Completed,NO,97,0,17,"£59,002.00"
AAAA958,BA1739,23/02/2023,BA,Cancelled,NULL,90,2934,16,"£17,368.00"
AAAA959,BA1388,05/03/2023,BA,Cancelled,NULL,120,0,680,"£9,453.00"
AAAA960,BA1388,16/03/2023,BA,Cancelled,NULL,84,0,520,"£10,559.00"
AAAA961,BA545,03/03/2023,BA,Cancelled,NULL,46,4752,960,"£43,559.00"
AAAA962,BA544,01/04/2023,BA,Completed,YES,106,2340,680,"£175,471.00"
AAAA963,BA1739,08/06/2023,BA,Cancelled,NULL,62,1584,13,"£7,650.00"
AAAA964,BA1444,05/05/2023,BA,Cancelled,NULL,106,1746,600,"£43,253.00"
AAAA965,BA1395,10/04/2023,BA,Cancelled,NULL,161,1764,18,"£18,503.00"
AAAA966,BA1379,17/03/2023,BA,Completed,NO,135,1566,33,"£30,854.00"
AAAA967,BA2007,02/06/2023,BA,Scheduled,NULL,100,1116,18,"£14,700.00"
AAAA968,BA2355,20/03/2023,BA,Scheduled,NULL,162,0,26,£464.00
AAAA969,BA922,07/04/2023,BA,Cancelled,NULL,116,3294,17,"£45,900.00"
AAAA970,BA2341,09/04/2023,BA,Completed,NO,71,1746,1360,"£45,900.00"
AAAA971,BA542,16/02/2023,BA,Scheduled,NULL,161,1242,2360,"£43,253.00"
AAAA972,BA1516,21/02/2023,BA,Completed,NO,48,1530,480,"£25,400.00"
AAAA973,BA1387,11/04/2023,BA,Scheduled,NULL,161,1764,6,"£8,400.00"
AAAA974,BA1516,05/05/2023,BA,Completed,YES,180,3384,33,"£40,262.00"
AAAA975,BA1730,02/02/2023,BA,Completed,NO,145,3402,1240,"£40,706.00"
AAAA976,BA2341,06/01/2023,BA,Completed,NO,0,2160,1,£0.00
AAAA977,BA2351,14/02/2023,BA,Scheduled,NULL,0,3060,22,"£43,559.00"
AAAA978,BA1444,21/03/2023,BA,Completed,NO,264,2430,5,"£43,412.00"
AAAA979,BA1739,03/01/2023,BA,Scheduled,NULL,135,3060,19,"£9,653.00"
AAAA980,BA2351,07/05/2023,BA,Cancelled,NULL,69,1746,0,"£9,800.00"
AAAA981,BA1444,06/05/2023,BA,Completed,YES,183,1224,24,"£43,606.00"
AAAA982,BA499,26/01/2023,BA,Completed,NO,87,2160,23,"£10,056.00"
AAAA983,BA1787,30/04/2023,BA,Scheduled,NULL,159,1818,19,"£43,253.00"
AAAA984,BA1398,13/04/2023,BA,Scheduled,NULL,152,1458,960,£0.00
AAAA985,BA935,26/02/2023,BA,Completed,NO,132,3060,640,"£78,708.00"
AAAA986,BA894,03/02/2023,BA,Scheduled,NULL,84,1674,0,"£10,559.00"
AAAA987,BA1716,11/03/2023,BA,Cancelled,NULL,48,1116,0,"£38,500.00"
AAAA988,BA1374,27/02/2023,BA,Cancelled,NULL,99,1746,720,"£20,600.00"
AAAA989,BA907,25/01/2023,BA,Cancelled,NULL,0,414,360,£0.00
AAAA990,BA1401,13/02/2023,BA,Cancelled,NULL,23,1800,680,"£3,900.00"
AAAA991,BA1516,22/01/2023,BA,Scheduled,NULL,106,1908,16,£100.00
AAAA992,BA1378,08/04/2023,BA,Completed,NO,373,1458,920,"£11,456.00"
AAAA993,BA1787,17/05/2023,BA,Completed,NO,159,2430,33,"£15,158.00"
AAAA994,BA1538,13/02/2023,BA,Scheduled,NULL,148,2430,880,"£78,708.00"
AAAA995,BA933,16/04/2023,BA,Cancelled,NULL,77,1620,11,£464.00
AAAA996,BA1378,30/03/2023,BA,Cancelled,NULL,106,1908,16,"£10,559.00"
AAAA997,BA2343,25/03/2023,BA,Completed,YES,180,648,48,"£59,002.00"
AAAA998,BA1382,08/05/2023,BA,Completed,NO,84,2916,2360,"£28,106.00"
AAAA999,BA499,14/03/2023,BA,Cancelled,NULL,120,1674,31,"£43,412.00"
AAAA1000,BA505,13/05/2023,BA,Cancelled,NULL,163,72,11,"£40,262.00"
AAAA1001,BA1738,26/03/2023,BA,Scheduled,NULL,120,2430,11,"£6,053.00"
AAAA1002,BA948,09/06/2023,BA,Cancelled,NULL,106,1620,0,"£12,966.00"
AAAA1003,BA955,05/01/2023,BA,Completed,YES,0,1692,10,"£103,747.00"
AAAA1004,BA2355,20/04/2023,BA,Completed,YES,68,0,34,"£16,867.00"
AAAA1005,BA1706,24/03/2023,BA,Cancelled,NULL,183,1512,560,"£3,800.00"
AAAA1006,BA2355,14/02/2023,BA,Cancelled,NULL,99,2430,2680,"£10,550.00"
AAAA1007,BA1706,21/02/2023,BA,Completed,YES,0,1764,24,"£9,453.00"
AAAA1008,BA894,16/05/2023,BA,Cancelled,NULL,326,1566,0,"£48,700.00"
AAAA1009,BA955,22/03/2023,BA,Scheduled,NULL,130,0,16,"£18,503.00"
AAAA1010,BA2359,16/04/2023,BA,Scheduled,NULL,122,1386,480,"£38,353.00"
AAAA1011,BA1730,26/05/2023,BA,Scheduled,NULL,1,2430,600,"£15,158.00"
AAAA1012,BA543,03/02/2023,BA,Completed,NO,159,2772,0,£0.00
